ORIGEN;LOCALIDAD;DEPARTAMENTO;ANIO;SEMANA;FECHAREGISTROENCABEZADO;IDEVENTOAGRUPADO;NOMBREGRPEVENTOAGRP;ID_SNVS_EVENTO_AGRP;NOMBREEVENTOAGRP;IDEDAD;GRUPO;CANTIDAD;FECHAREGISTROCLINICA
HOSPITAL NACIONAL PROFESOR DR. ALEJANDRO POSADAS;VILLA SARMIENTO;MORÓN;2024;7;16/2/2024;8;Enfermedades de transmisión sexual;13;Secreción genital purulenta en varones;8;20 a 24;1;19/2/2024
HOSPITAL NACIONAL PROFESOR DR. ALEJANDRO POSADAS;VILLA SARMIENTO;MORÓN;2024;7;16/2/2024;7;Gastroentéricas;11;Diarreas;8;20 a 24;2;19/2/2024
HOSPITAL NACIONAL PROFESOR DR. ALEJANDRO POSADAS;VILLA SARMIENTO;MORÓN;2024;7;16/2/2024;7;Gastroentéricas;11;Diarreas;9;25 a 34;2;19/2/2024
HOSPITAL NACIONAL PROFESOR DR. ALEJANDRO POSADAS;VILLA SARMIENTO;MORÓN;2024;7;16/2/2024;7;Gastroentéricas;11;Diarreas;11;45 a 64;7;19/2/2024
HOSPITAL NACIONAL PROFESOR DR. ALEJANDRO POSADAS;VILLA SARMIENTO;MORÓN;2024;7;16/2/2024;7;Gastroentéricas;11;Diarreas;13;>= a 75;5;19/2/2024
HOSPITAL NACIONAL PROFESOR DR. ALEJANDRO POSADAS;VILLA SARMIENTO;MORÓN;2024;7;16/2/2024;6;Respiratorias;8;Enfermedad tipo influenza (ETI);7;15 a 19;1;19/2/2024
HOSPITAL NACIONAL PROFESOR DR. ALEJANDRO POSADAS;VILLA SARMIENTO;MORÓN;2024;7;16/2/2024;6;Respiratorias;8;Enfermedad tipo influenza (ETI);9;25 a 34;3;19/2/2024
HOSPITAL NACIONAL PROFESOR DR. ALEJANDRO POSADAS;VILLA SARMIENTO;MORÓN;2024;7;16/2/2024;6;Respiratorias;8;Enfermedad tipo influenza (ETI);10;35 a 44;2;19/2/2024
HOSPITAL NACIONAL PROFESOR DR. ALEJANDRO POSADAS;VILLA SARMIENTO;MORÓN;2024;7;16/2/2024;6;Respiratorias;8;Enfermedad tipo influenza (ETI);11;45 a 64;2;19/2/2024
HOSPITAL NACIONAL PROFESOR DR. ALEJANDRO POSADAS;VILLA SARMIENTO;MORÓN;2024;7;16/2/2024;6;Respiratorias;441;Neumonía en pacientes ambulatorios;7;15 a 19;1;19/2/2024
HOSPITAL NACIONAL PROFESOR DR. ALEJANDRO POSADAS;VILLA SARMIENTO;MORÓN;2024;7;16/2/2024;6;Respiratorias;441;Neumonía en pacientes ambulatorios;9;25 a 34;1;19/2/2024
HOSPITAL NACIONAL PROFESOR DR. ALEJANDRO POSADAS;VILLA SARMIENTO;MORÓN;2024;7;16/2/2024;6;Respiratorias;441;Neumonía en pacientes ambulatorios;10;35 a 44;2;19/2/2024
HOSPITAL NACIONAL PROFESOR DR. ALEJANDRO POSADAS;VILLA SARMIENTO;MORÓN;2024;7;16/2/2024;6;Respiratorias;441;Neumonía en pacientes ambulatorios;11;45 a 64;3;19/2/2024
HOSPITAL INTERZONAL GENERAL AGUDOS DR. LUIS A. GUEMES;HAEDO;MORÓN;2024;8;26/2/2024;6;Respiratorias;8;Enfermedad tipo influenza (ETI);11;45 a 64;4;26/2/2024
HOSPITAL INTERZONAL GENERAL AGUDOS DR. LUIS A. GUEMES;HAEDO;MORÓN;2024;8;26/2/2024;6;Respiratorias;8;Enfermedad tipo influenza (ETI);12;65 a 74;1;26/2/2024
HOSPITAL INTERZONAL GENERAL AGUDOS DR. LUIS A. GUEMES;HAEDO;MORÓN;2024;8;26/2/2024;7;Gastroentéricas;11;Diarreas;8;20 a 24;1;26/2/2024
HOSPITAL INTERZONAL GENERAL AGUDOS DR. LUIS A. GUEMES;HAEDO;MORÓN;2024;8;26/2/2024;7;Gastroentéricas;11;Diarreas;11;45 a 64;1;26/2/2024
HOSPITAL INTERZONAL GENERAL AGUDOS DR. LUIS A. GUEMES;HAEDO;MORÓN;2024;8;26/2/2024;7;Gastroentéricas;11;Diarreas;13;>= a 75;1;26/2/2024
HOSPITAL INTERZONAL GENERAL AGUDOS DR. LUIS A. GUEMES;HAEDO;MORÓN;2024;8;26/2/2024;7;Gastroentéricas;11;Diarreas;17;Edad Sin Esp.;2;26/2/2024
HOSPITAL INTERZONAL GENERAL AGUDOS DR. LUIS A. GUEMES;HAEDO;MORÓN;2024;8;26/2/2024;6;Respiratorias;8;Enfermedad tipo influenza (ETI);7;15 a 19;4;26/2/2024
HOSPITAL INTERZONAL GENERAL AGUDOS DR. LUIS A. GUEMES;HAEDO;MORÓN;2024;8;26/2/2024;6;Respiratorias;8;Enfermedad tipo influenza (ETI);8;20 a 24;3;26/2/2024
HOSPITAL INTERZONAL GENERAL AGUDOS DR. LUIS A. GUEMES;HAEDO;MORÓN;2024;8;26/2/2024;6;Respiratorias;8;Enfermedad tipo influenza (ETI);9;25 a 34;6;26/2/2024
HOSPITAL INTERZONAL GENERAL AGUDOS DR. LUIS A. GUEMES;HAEDO;MORÓN;2024;8;26/2/2024;6;Respiratorias;8;Enfermedad tipo influenza (ETI);10;35 a 44;3;26/2/2024
HOSPITAL INTERZONAL GENERAL AGUDOS DR. LUIS A. GUEMES;HAEDO;MORÓN;2024;8;26/2/2024;6;Respiratorias;8;Enfermedad tipo influenza (ETI);17;Edad Sin Esp.;6;26/2/2024
HOSPITAL INTERZONAL GENERAL AGUDOS DR. LUIS A. GUEMES;HAEDO;MORÓN;2024;8;26/2/2024;6;Respiratorias;10;Neumonía (sin especificar);9;25 a 34;3;26/2/2024
HOSPITAL INTERZONAL GENERAL AGUDOS DR. LUIS A. GUEMES;HAEDO;MORÓN;2024;8;26/2/2024;6;Respiratorias;10;Neumonía (sin especificar);12;65 a 74;1;26/2/2024
HOSPITAL INTERZONAL GENERAL AGUDOS DR. LUIS A. GUEMES;HAEDO;MORÓN;2024;8;26/2/2024;6;Respiratorias;10;Neumonía (sin especificar);17;Edad Sin Esp.;1;26/2/2024
HOSPITAL INTERZONAL GENERAL AGUDOS DR. LUIS A. GUEMES;HAEDO;MORÓN;2024;3;22/1/2024;116;Internaciones por lesiones en el hogar;501;Lesiones por caídas y golpes;11;45 a 64;1;7/3/2024
HOSPITAL NACIONAL PROFESOR DR. ALEJANDRO POSADAS;VILLA SARMIENTO;MORÓN;2024;7;16/2/2024;6;Respiratorias;441;Neumonía en pacientes ambulatorios;12;65 a 74;2;19/2/2024
HOSPITAL NACIONAL PROFESOR DR. ALEJANDRO POSADAS;VILLA SARMIENTO;MORÓN;2024;8;26/2/2024;6;Respiratorias;443;Bronquiolitis en menores de 2 años ambulatorios;2;6 a 11 m;1;7/3/2024
HOSPITAL NACIONAL PROFESOR DR. ALEJANDRO POSADAS;VILLA SARMIENTO;MORÓN;2024;8;26/2/2024;7;Gastroentéricas;11;Diarreas;2;6 a 11 m;2;7/3/2024
HOSPITAL NACIONAL PROFESOR DR. ALEJANDRO POSADAS;VILLA SARMIENTO;MORÓN;2024;8;26/2/2024;7;Gastroentéricas;11;Diarreas;3;12 a 23 m;3;7/3/2024
HOSPITAL NACIONAL PROFESOR DR. ALEJANDRO POSADAS;VILLA SARMIENTO;MORÓN;2024;8;26/2/2024;7;Gastroentéricas;11;Diarreas;4;2 a 4;6;7/3/2024
HOSPITAL NACIONAL PROFESOR DR. ALEJANDRO POSADAS;VILLA SARMIENTO;MORÓN;2024;8;26/2/2024;7;Gastroentéricas;11;Diarreas;5;5 a 9;7;7/3/2024
HOSPITAL NACIONAL PROFESOR DR. ALEJANDRO POSADAS;VILLA SARMIENTO;MORÓN;2024;8;26/2/2024;7;Gastroentéricas;11;Diarreas;6;10 a 14;1;7/3/2024
HOSPITAL NACIONAL PROFESOR DR. ALEJANDRO POSADAS;VILLA SARMIENTO;MORÓN;2024;8;26/2/2024;6;Respiratorias;8;Enfermedad tipo influenza (ETI);2;6 a 11 m;1;7/3/2024
HOSPITAL NACIONAL PROFESOR DR. ALEJANDRO POSADAS;VILLA SARMIENTO;MORÓN;2024;8;26/2/2024;6;Respiratorias;441;Neumonía en pacientes ambulatorios;6;10 a 14;1;7/3/2024
HOSPITAL INTERZONAL GENERAL AGUDOS DR. LUIS A. GUEMES;HAEDO;MORÓN;2024;3;22/1/2024;116;Internaciones por lesiones en el hogar;501;Lesiones por caídas y golpes;7;15 a 19;1;7/3/2024
HOSPITAL INTERZONAL GENERAL AGUDOS DR. LUIS A. GUEMES;HAEDO;MORÓN;2024;3;22/1/2024;116;Internaciones por lesiones en el hogar;501;Lesiones por caídas y golpes;8;20 a 24;4;7/3/2024
HOSPITAL INTERZONAL GENERAL AGUDOS DR. LUIS A. GUEMES;HAEDO;MORÓN;2024;3;22/1/2024;116;Internaciones por lesiones en el hogar;501;Lesiones por caídas y golpes;9;25 a 34;3;7/3/2024
HOSPITAL INTERZONAL GENERAL AGUDOS DR. LUIS A. GUEMES;HAEDO;MORÓN;2024;3;22/1/2024;116;Internaciones por lesiones en el hogar;501;Lesiones por caídas y golpes;10;35 a 44;1;7/3/2024
HOSPITAL INTERZONAL GENERAL AGUDOS DR. LUIS A. GUEMES;HAEDO;MORÓN;2024;3;22/1/2024;116;Internaciones por lesiones en el hogar;501;Lesiones por caídas y golpes;11;45 a 64;2;7/3/2024
HOSPITAL NACIONAL PROFESOR DR. ALEJANDRO POSADAS;VILLA SARMIENTO;MORÓN;2024;10;11/3/2024;7;Gastroentéricas;11;Diarreas;7;15 a 19;3;11/3/2024
HOSPITAL NACIONAL PROFESOR DR. ALEJANDRO POSADAS;VILLA SARMIENTO;MORÓN;2024;10;11/3/2024;7;Gastroentéricas;11;Diarreas;8;20 a 24;1;11/3/2024
HOSPITAL NACIONAL PROFESOR DR. ALEJANDRO POSADAS;VILLA SARMIENTO;MORÓN;2024;10;11/3/2024;7;Gastroentéricas;11;Diarreas;9;25 a 34;4;11/3/2024
HOSPITAL NACIONAL PROFESOR DR. ALEJANDRO POSADAS;VILLA SARMIENTO;MORÓN;2024;10;11/3/2024;7;Gastroentéricas;11;Diarreas;10;35 a 44;1;11/3/2024
HOSPITAL NACIONAL PROFESOR DR. ALEJANDRO POSADAS;VILLA SARMIENTO;MORÓN;2024;10;11/3/2024;7;Gastroentéricas;11;Diarreas;11;45 a 64;2;11/3/2024
HOSPITAL NACIONAL PROFESOR DR. ALEJANDRO POSADAS;VILLA SARMIENTO;MORÓN;2024;10;11/3/2024;7;Gastroentéricas;11;Diarreas;12;65 a 74;1;11/3/2024
HOSPITAL NACIONAL PROFESOR DR. ALEJANDRO POSADAS;VILLA SARMIENTO;MORÓN;2024;10;11/3/2024;7;Gastroentéricas;11;Diarreas;13;>= a 75;1;11/3/2024
HOSPITAL NACIONAL PROFESOR DR. ALEJANDRO POSADAS;VILLA SARMIENTO;MORÓN;2024;10;11/3/2024;5;Inmunoprevenibles;6;Varicela;7;15 a 19;1;11/3/2024
HOSPITAL NACIONAL PROFESOR DR. ALEJANDRO POSADAS;VILLA SARMIENTO;MORÓN;2024;10;11/3/2024;6;Respiratorias;8;Enfermedad tipo influenza (ETI);9;25 a 34;1;11/3/2024
HOSPITAL NACIONAL PROFESOR DR. ALEJANDRO POSADAS;VILLA SARMIENTO;MORÓN;2024;8;26/2/2024;8;Enfermedades de transmisión sexual;13;Secreción genital purulenta en varones;11;45 a 64;1;26/2/2024
HOSPITAL NACIONAL PROFESOR DR. ALEJANDRO POSADAS;VILLA SARMIENTO;MORÓN;2024;8;26/2/2024;8;Enfermedades de transmisión sexual;14;Secreción genital sin especificar en varones;9;25 a 34;1;26/2/2024
HOSPITAL NACIONAL PROFESOR DR. ALEJANDRO POSADAS;VILLA SARMIENTO;MORÓN;2024;8;26/2/2024;7;Gastroentéricas;11;Diarreas;7;15 a 19;1;26/2/2024
HOSPITAL NACIONAL PROFESOR DR. ALEJANDRO POSADAS;VILLA SARMIENTO;MORÓN;2024;8;26/2/2024;7;Gastroentéricas;11;Diarreas;8;20 a 24;4;26/2/2024
HOSPITAL NACIONAL PROFESOR DR. ALEJANDRO POSADAS;VILLA SARMIENTO;MORÓN;2024;8;26/2/2024;7;Gastroentéricas;11;Diarreas;9;25 a 34;3;26/2/2024
HOSPITAL NACIONAL PROFESOR DR. ALEJANDRO POSADAS;VILLA SARMIENTO;MORÓN;2024;8;26/2/2024;7;Gastroentéricas;11;Diarreas;10;35 a 44;3;26/2/2024
HOSPITAL NACIONAL PROFESOR DR. ALEJANDRO POSADAS;VILLA SARMIENTO;MORÓN;2024;8;26/2/2024;7;Gastroentéricas;11;Diarreas;11;45 a 64;4;26/2/2024
HOSPITAL NACIONAL PROFESOR DR. ALEJANDRO POSADAS;VILLA SARMIENTO;MORÓN;2024;8;26/2/2024;7;Gastroentéricas;11;Diarreas;12;65 a 74;1;26/2/2024
HOSPITAL NACIONAL PROFESOR DR. ALEJANDRO POSADAS;VILLA SARMIENTO;MORÓN;2024;8;26/2/2024;7;Gastroentéricas;11;Diarreas;13;>= a 75;1;26/2/2024
HOSPITAL NACIONAL PROFESOR DR. ALEJANDRO POSADAS;VILLA SARMIENTO;MORÓN;2024;8;26/2/2024;6;Respiratorias;8;Enfermedad tipo influenza (ETI);7;15 a 19;1;26/2/2024
HOSPITAL NACIONAL PROFESOR DR. ALEJANDRO POSADAS;VILLA SARMIENTO;MORÓN;2024;8;26/2/2024;6;Respiratorias;8;Enfermedad tipo influenza (ETI);8;20 a 24;1;26/2/2024
HOSPITAL NACIONAL PROFESOR DR. ALEJANDRO POSADAS;VILLA SARMIENTO;MORÓN;2024;8;26/2/2024;6;Respiratorias;8;Enfermedad tipo influenza (ETI);10;35 a 44;1;26/2/2024
HOSPITAL NACIONAL PROFESOR DR. ALEJANDRO POSADAS;VILLA SARMIENTO;MORÓN;2024;8;26/2/2024;6;Respiratorias;441;Neumonía en pacientes ambulatorios;8;20 a 24;1;26/2/2024
HOSPITAL NACIONAL PROFESOR DR. ALEJANDRO POSADAS;VILLA SARMIENTO;MORÓN;2024;8;26/2/2024;6;Respiratorias;441;Neumonía en pacientes ambulatorios;9;25 a 34;1;26/2/2024
HOSPITAL NACIONAL PROFESOR DR. ALEJANDRO POSADAS;VILLA SARMIENTO;MORÓN;2024;8;26/2/2024;6;Respiratorias;441;Neumonía en pacientes ambulatorios;10;35 a 44;3;26/2/2024
HOSPITAL NACIONAL PROFESOR DR. ALEJANDRO POSADAS;VILLA SARMIENTO;MORÓN;2024;8;26/2/2024;6;Respiratorias;441;Neumonía en pacientes ambulatorios;11;45 a 64;4;26/2/2024
HOSPITAL NACIONAL PROFESOR DR. ALEJANDRO POSADAS;VILLA SARMIENTO;MORÓN;2024;8;26/2/2024;6;Respiratorias;441;Neumonía en pacientes ambulatorios;13;>= a 75;1;26/2/2024
HOSPITAL NACIONAL PROFESOR DR. ALEJANDRO POSADAS;VILLA SARMIENTO;MORÓN;2024;10;11/3/2024;6;Respiratorias;8;Enfermedad tipo influenza (ETI);10;35 a 44;2;11/3/2024
HOSPITAL NACIONAL PROFESOR DR. ALEJANDRO POSADAS;VILLA SARMIENTO;MORÓN;2024;10;11/3/2024;6;Respiratorias;8;Enfermedad tipo influenza (ETI);11;45 a 64;2;11/3/2024
HOSPITAL NACIONAL PROFESOR DR. ALEJANDRO POSADAS;VILLA SARMIENTO;MORÓN;2024;10;11/3/2024;6;Respiratorias;441;Neumonía en pacientes ambulatorios;7;15 a 19;2;11/3/2024
HOSPITAL NACIONAL PROFESOR DR. ALEJANDRO POSADAS;VILLA SARMIENTO;MORÓN;2024;10;11/3/2024;6;Respiratorias;441;Neumonía en pacientes ambulatorios;9;25 a 34;1;11/3/2024
HOSPITAL NACIONAL PROFESOR DR. ALEJANDRO POSADAS;VILLA SARMIENTO;MORÓN;2024;10;11/3/2024;6;Respiratorias;441;Neumonía en pacientes ambulatorios;10;35 a 44;6;11/3/2024
HOSPITAL NACIONAL PROFESOR DR. ALEJANDRO POSADAS;VILLA SARMIENTO;MORÓN;2024;10;11/3/2024;6;Respiratorias;441;Neumonía en pacientes ambulatorios;11;45 a 64;4;11/3/2024
HOSPITAL NACIONAL PROFESOR DR. ALEJANDRO POSADAS;VILLA SARMIENTO;MORÓN;2024;10;11/3/2024;6;Respiratorias;441;Neumonía en pacientes ambulatorios;13;>= a 75;1;11/3/2024
HOSPITAL INTERZONAL GENERAL AGUDOS DR. LUIS A. GUEMES;HAEDO;MORÓN;2024;4;29/1/2024;116;Internaciones por lesiones en el hogar;501;Lesiones por caídas y golpes;9;25 a 34;1;7/3/2024
HOSPITAL INTERZONAL GENERAL AGUDOS DR. LUIS A. GUEMES;HAEDO;MORÓN;2024;4;29/1/2024;116;Internaciones por lesiones en el hogar;501;Lesiones por caídas y golpes;10;35 a 44;1;7/3/2024
HOSPITAL INTERZONAL GENERAL AGUDOS DR. LUIS A. GUEMES;HAEDO;MORÓN;2024;4;29/1/2024;116;Internaciones por lesiones en el hogar;501;Lesiones por caídas y golpes;8;20 a 24;3;7/3/2024
HOSPITAL INTERZONAL GENERAL AGUDOS DR. LUIS A. GUEMES;HAEDO;MORÓN;2024;4;29/1/2024;116;Internaciones por lesiones en el hogar;501;Lesiones por caídas y golpes;9;25 a 34;5;7/3/2024
HOSPITAL INTERZONAL GENERAL AGUDOS DR. LUIS A. GUEMES;HAEDO;MORÓN;2024;4;29/1/2024;116;Internaciones por lesiones en el hogar;501;Lesiones por caídas y golpes;10;35 a 44;1;7/3/2024
HOSPITAL INTERZONAL GENERAL AGUDOS DR. LUIS A. GUEMES;HAEDO;MORÓN;2024;4;29/1/2024;116;Internaciones por lesiones en el hogar;501;Lesiones por caídas y golpes;11;45 a 64;1;7/3/2024
HOSPITAL INTERZONAL GENERAL AGUDOS DR. LUIS A. GUEMES;HAEDO;MORÓN;2024;4;29/1/2024;116;Internaciones por lesiones en el hogar;501;Lesiones por caídas y golpes;13;>= a 75;1;7/3/2024
HOSPITAL NACIONAL PROFESOR DR. ALEJANDRO POSADAS;VILLA SARMIENTO;MORÓN;2024;9;4/3/2024;6;Respiratorias;8;Enfermedad tipo influenza (ETI);7;15 a 19;1;4/3/2024
HOSPITAL NACIONAL PROFESOR DR. ALEJANDRO POSADAS;VILLA SARMIENTO;MORÓN;2024;9;4/3/2024;6;Respiratorias;8;Enfermedad tipo influenza (ETI);9;25 a 34;1;4/3/2024
HOSPITAL NACIONAL PROFESOR DR. ALEJANDRO POSADAS;VILLA SARMIENTO;MORÓN;2024;9;4/3/2024;6;Respiratorias;8;Enfermedad tipo influenza (ETI);10;35 a 44;2;4/3/2024
HOSPITAL NACIONAL PROFESOR DR. ALEJANDRO POSADAS;VILLA SARMIENTO;MORÓN;2024;9;4/3/2024;6;Respiratorias;8;Enfermedad tipo influenza (ETI);12;65 a 74;1;4/3/2024
HOSPITAL NACIONAL PROFESOR DR. ALEJANDRO POSADAS;VILLA SARMIENTO;MORÓN;2024;9;4/3/2024;6;Respiratorias;441;Neumonía en pacientes ambulatorios;7;15 a 19;2;4/3/2024
HOSPITAL NACIONAL PROFESOR DR. ALEJANDRO POSADAS;VILLA SARMIENTO;MORÓN;2024;9;4/3/2024;6;Respiratorias;441;Neumonía en pacientes ambulatorios;9;25 a 34;1;4/3/2024
HOSPITAL NACIONAL PROFESOR DR. ALEJANDRO POSADAS;VILLA SARMIENTO;MORÓN;2024;9;4/3/2024;6;Respiratorias;441;Neumonía en pacientes ambulatorios;10;35 a 44;4;4/3/2024
HOSPITAL NACIONAL PROFESOR DR. ALEJANDRO POSADAS;VILLA SARMIENTO;MORÓN;2024;9;4/3/2024;6;Respiratorias;441;Neumonía en pacientes ambulatorios;11;45 a 64;13;4/3/2024
HOSPITAL NACIONAL PROFESOR DR. ALEJANDRO POSADAS;VILLA SARMIENTO;MORÓN;2024;9;4/3/2024;6;Respiratorias;441;Neumonía en pacientes ambulatorios;12;65 a 74;1;4/3/2024
HOSPITAL NACIONAL PROFESOR DR. ALEJANDRO POSADAS;VILLA SARMIENTO;MORÓN;2024;9;4/3/2024;6;Respiratorias;441;Neumonía en pacientes ambulatorios;13;>= a 75;3;4/3/2024
HOSPITAL INTERZONAL GENERAL AGUDOS DR. LUIS A. GUEMES;HAEDO;MORÓN;2024;6;20/2/2024;116;Internaciones por lesiones en el hogar;501;Lesiones por caídas y golpes;10;35 a 44;1;7/3/2024
HOSPITAL INTERZONAL GENERAL AGUDOS DR. LUIS A. GUEMES;HAEDO;MORÓN;2024;6;20/2/2024;116;Internaciones por lesiones en el hogar;501;Lesiones por caídas y golpes;11;45 a 64;1;7/3/2024
HOSPITAL INTERZONAL GENERAL AGUDOS DR. LUIS A. GUEMES;HAEDO;MORÓN;2024;6;20/2/2024;116;Internaciones por lesiones en el hogar;501;Lesiones por caídas y golpes;13;>= a 75;1;7/3/2024
HOSPITAL INTERZONAL GENERAL AGUDOS DR. LUIS A. GUEMES;HAEDO;MORÓN;2024;6;20/2/2024;116;Internaciones por lesiones en el hogar;501;Lesiones por caídas y golpes;7;15 a 19;1;7/3/2024
HOSPITAL INTERZONAL GENERAL AGUDOS DR. LUIS A. GUEMES;HAEDO;MORÓN;2024;6;20/2/2024;116;Internaciones por lesiones en el hogar;501;Lesiones por caídas y golpes;8;20 a 24;2;7/3/2024
HOSPITAL INTERZONAL GENERAL AGUDOS DR. LUIS A. GUEMES;HAEDO;MORÓN;2024;6;20/2/2024;116;Internaciones por lesiones en el hogar;501;Lesiones por caídas y golpes;9;25 a 34;2;7/3/2024
HOSPITAL INTERZONAL GENERAL AGUDOS DR. LUIS A. GUEMES;HAEDO;MORÓN;2024;6;20/2/2024;116;Internaciones por lesiones en el hogar;501;Lesiones por caídas y golpes;11;45 a 64;1;7/3/2024
HOSPITAL INTERZONAL GENERAL AGUDOS DR. LUIS A. GUEMES;HAEDO;MORÓN;2024;6;20/2/2024;116;Internaciones por lesiones en el hogar;501;Lesiones por caídas y golpes;13;>= a 75;2;7/3/2024
HOSPITAL INTERZONAL GENERAL AGUDOS DR. LUIS A. GUEMES;HAEDO;MORÓN;2024;6;20/2/2024;116;Internaciones por lesiones en el hogar;505;Lesiones por cortes y quemaduras;8;20 a 24;1;7/3/2024
HOSPITAL NACIONAL PROFESOR DR. ALEJANDRO POSADAS;VILLA SARMIENTO;MORÓN;2024;9;4/3/2024;7;Gastroentéricas;11;Diarreas;7;15 a 19;1;4/3/2024
HOSPITAL NACIONAL PROFESOR DR. ALEJANDRO POSADAS;VILLA SARMIENTO;MORÓN;2024;9;4/3/2024;7;Gastroentéricas;11;Diarreas;8;20 a 24;1;4/3/2024
HOSPITAL NACIONAL PROFESOR DR. ALEJANDRO POSADAS;VILLA SARMIENTO;MORÓN;2024;9;4/3/2024;7;Gastroentéricas;11;Diarreas;9;25 a 34;5;4/3/2024
HOSPITAL NACIONAL PROFESOR DR. ALEJANDRO POSADAS;VILLA SARMIENTO;MORÓN;2024;9;4/3/2024;7;Gastroentéricas;11;Diarreas;10;35 a 44;2;4/3/2024
HOSPITAL NACIONAL PROFESOR DR. ALEJANDRO POSADAS;VILLA SARMIENTO;MORÓN;2024;9;4/3/2024;7;Gastroentéricas;11;Diarreas;11;45 a 64;5;4/3/2024
HOSPITAL NACIONAL PROFESOR DR. ALEJANDRO POSADAS;VILLA SARMIENTO;MORÓN;2024;9;4/3/2024;7;Gastroentéricas;11;Diarreas;12;65 a 74;5;4/3/2024
HOSPITAL NACIONAL PROFESOR DR. ALEJANDRO POSADAS;VILLA SARMIENTO;MORÓN;2024;7;16/2/2024;7;Gastroentéricas;11;Diarreas;2;6 a 11 m;2;21/2/2024
HOSPITAL NACIONAL PROFESOR DR. ALEJANDRO POSADAS;VILLA SARMIENTO;MORÓN;2024;7;16/2/2024;7;Gastroentéricas;11;Diarreas;3;12 a 23 m;2;21/2/2024
HOSPITAL NACIONAL PROFESOR DR. ALEJANDRO POSADAS;VILLA SARMIENTO;MORÓN;2024;7;16/2/2024;7;Gastroentéricas;11;Diarreas;4;2 a 4;3;21/2/2024
HOSPITAL NACIONAL PROFESOR DR. ALEJANDRO POSADAS;VILLA SARMIENTO;MORÓN;2024;7;16/2/2024;7;Gastroentéricas;11;Diarreas;5;5 a 9;6;21/2/2024
HOSPITAL NACIONAL PROFESOR DR. ALEJANDRO POSADAS;VILLA SARMIENTO;MORÓN;2024;7;16/2/2024;7;Gastroentéricas;11;Diarreas;6;10 a 14;5;21/2/2024
HOSPITAL NACIONAL PROFESOR DR. ALEJANDRO POSADAS;VILLA SARMIENTO;MORÓN;2024;7;16/2/2024;6;Respiratorias;8;Enfermedad tipo influenza (ETI);2;6 a 11 m;3;21/2/2024
HOSPITAL NACIONAL PROFESOR DR. ALEJANDRO POSADAS;VILLA SARMIENTO;MORÓN;2024;7;16/2/2024;6;Respiratorias;8;Enfermedad tipo influenza (ETI);4;2 a 4;3;21/2/2024
HOSPITAL NACIONAL PROFESOR DR. ALEJANDRO POSADAS;VILLA SARMIENTO;MORÓN;2024;7;16/2/2024;6;Respiratorias;8;Enfermedad tipo influenza (ETI);5;5 a 9;5;21/2/2024
HOSPITAL NACIONAL PROFESOR DR. ALEJANDRO POSADAS;VILLA SARMIENTO;MORÓN;2024;7;16/2/2024;6;Respiratorias;8;Enfermedad tipo influenza (ETI);6;10 a 14;2;21/2/2024
HOSPITAL NACIONAL PROFESOR DR. ALEJANDRO POSADAS;VILLA SARMIENTO;MORÓN;2024;11;18/3/2024;7;Gastroentéricas;11;Diarreas;1;< 6 m;1;18/3/2024
HOSPITAL NACIONAL PROFESOR DR. ALEJANDRO POSADAS;VILLA SARMIENTO;MORÓN;2024;11;18/3/2024;7;Gastroentéricas;11;Diarreas;2;6 a 11 m;3;18/3/2024
HOSPITAL NACIONAL PROFESOR DR. ALEJANDRO POSADAS;VILLA SARMIENTO;MORÓN;2024;11;18/3/2024;7;Gastroentéricas;11;Diarreas;3;12 a 23 m;3;18/3/2024
HOSPITAL NACIONAL PROFESOR DR. ALEJANDRO POSADAS;VILLA SARMIENTO;MORÓN;2024;11;18/3/2024;7;Gastroentéricas;11;Diarreas;4;2 a 4;6;18/3/2024
HOSPITAL NACIONAL PROFESOR DR. ALEJANDRO POSADAS;VILLA SARMIENTO;MORÓN;2024;11;18/3/2024;7;Gastroentéricas;11;Diarreas;5;5 a 9;10;18/3/2024
HOSPITAL NACIONAL PROFESOR DR. ALEJANDRO POSADAS;VILLA SARMIENTO;MORÓN;2024;11;18/3/2024;7;Gastroentéricas;11;Diarreas;6;10 a 14;4;18/3/2024
HOSPITAL NACIONAL PROFESOR DR. ALEJANDRO POSADAS;VILLA SARMIENTO;MORÓN;2024;11;18/3/2024;7;Gastroentéricas;11;Diarreas;9;25 a 34;1;18/3/2024
HOSPITAL NACIONAL PROFESOR DR. ALEJANDRO POSADAS;VILLA SARMIENTO;MORÓN;2024;11;18/3/2024;7;Gastroentéricas;11;Diarreas;11;45 a 64;5;18/3/2024
HOSPITAL NACIONAL PROFESOR DR. ALEJANDRO POSADAS;VILLA SARMIENTO;MORÓN;2024;11;18/3/2024;6;Respiratorias;8;Enfermedad tipo influenza (ETI);1;< 6 m;2;18/3/2024
HOSPITAL NACIONAL PROFESOR DR. ALEJANDRO POSADAS;VILLA SARMIENTO;MORÓN;2024;11;18/3/2024;6;Respiratorias;8;Enfermedad tipo influenza (ETI);3;12 a 23 m;1;18/3/2024
HOSPITAL NACIONAL PROFESOR DR. ALEJANDRO POSADAS;VILLA SARMIENTO;MORÓN;2024;11;18/3/2024;6;Respiratorias;8;Enfermedad tipo influenza (ETI);4;2 a 4;3;18/3/2024
HOSPITAL NACIONAL PROFESOR DR. ALEJANDRO POSADAS;VILLA SARMIENTO;MORÓN;2024;11;18/3/2024;6;Respiratorias;8;Enfermedad tipo influenza (ETI);5;5 a 9;6;18/3/2024
HOSPITAL NACIONAL PROFESOR DR. ALEJANDRO POSADAS;VILLA SARMIENTO;MORÓN;2024;11;18/3/2024;6;Respiratorias;8;Enfermedad tipo influenza (ETI);6;10 a 14;5;18/3/2024
HOSPITAL NACIONAL PROFESOR DR. ALEJANDRO POSADAS;VILLA SARMIENTO;MORÓN;2024;11;18/3/2024;6;Respiratorias;8;Enfermedad tipo influenza (ETI);8;20 a 24;3;18/3/2024
HOSPITAL INTERZONAL GENERAL AGUDOS DR. LUIS A. GUEMES;HAEDO;MORÓN;2024;7;20/2/2024;7;Gastroentéricas;11;Diarreas;9;25 a 34;3;20/2/2024
HOSPITAL INTERZONAL GENERAL AGUDOS DR. LUIS A. GUEMES;HAEDO;MORÓN;2024;7;20/2/2024;7;Gastroentéricas;11;Diarreas;10;35 a 44;2;20/2/2024
HOSPITAL INTERZONAL GENERAL AGUDOS DR. LUIS A. GUEMES;HAEDO;MORÓN;2024;7;20/2/2024;6;Respiratorias;8;Enfermedad tipo influenza (ETI);7;15 a 19;1;20/2/2024
HOSPITAL INTERZONAL GENERAL AGUDOS DR. LUIS A. GUEMES;HAEDO;MORÓN;2024;7;20/2/2024;6;Respiratorias;8;Enfermedad tipo influenza (ETI);8;20 a 24;2;20/2/2024
HOSPITAL INTERZONAL GENERAL AGUDOS DR. LUIS A. GUEMES;HAEDO;MORÓN;2024;7;20/2/2024;6;Respiratorias;8;Enfermedad tipo influenza (ETI);9;25 a 34;7;20/2/2024
HOSPITAL INTERZONAL GENERAL AGUDOS DR. LUIS A. GUEMES;HAEDO;MORÓN;2024;7;20/2/2024;6;Respiratorias;8;Enfermedad tipo influenza (ETI);10;35 a 44;4;20/2/2024
HOSPITAL INTERZONAL GENERAL AGUDOS DR. LUIS A. GUEMES;HAEDO;MORÓN;2024;7;20/2/2024;6;Respiratorias;8;Enfermedad tipo influenza (ETI);11;45 a 64;9;20/2/2024
HOSPITAL INTERZONAL GENERAL AGUDOS DR. LUIS A. GUEMES;HAEDO;MORÓN;2024;7;20/2/2024;6;Respiratorias;8;Enfermedad tipo influenza (ETI);12;65 a 74;2;20/2/2024
HOSPITAL INTERZONAL GENERAL AGUDOS DR. LUIS A. GUEMES;HAEDO;MORÓN;2024;7;20/2/2024;6;Respiratorias;8;Enfermedad tipo influenza (ETI);17;Edad Sin Esp.;7;20/2/2024
HOSPITAL INTERZONAL GENERAL AGUDOS DR. LUIS A. GUEMES;HAEDO;MORÓN;2024;7;20/2/2024;6;Respiratorias;441;Neumonía en pacientes ambulatorios;8;20 a 24;1;20/2/2024
HOSPITAL INTERZONAL GENERAL AGUDOS DR. LUIS A. GUEMES;HAEDO;MORÓN;2024;7;20/2/2024;6;Respiratorias;441;Neumonía en pacientes ambulatorios;9;25 a 34;2;20/2/2024
HOSPITAL INTERZONAL GENERAL AGUDOS DR. LUIS A. GUEMES;HAEDO;MORÓN;2024;7;20/2/2024;6;Respiratorias;441;Neumonía en pacientes ambulatorios;11;45 a 64;3;20/2/2024
HOSPITAL NACIONAL PROFESOR DR. ALEJANDRO POSADAS;VILLA SARMIENTO;MORÓN;2024;12;26/3/2024;7;Gastroentéricas;11;Diarreas;7;15 a 19;2;27/3/2024
HOSPITAL NACIONAL PROFESOR DR. ALEJANDRO POSADAS;VILLA SARMIENTO;MORÓN;2024;12;26/3/2024;7;Gastroentéricas;11;Diarreas;8;20 a 24;2;27/3/2024
HOSPITAL NACIONAL PROFESOR DR. ALEJANDRO POSADAS;VILLA SARMIENTO;MORÓN;2024;12;26/3/2024;7;Gastroentéricas;11;Diarreas;9;25 a 34;3;27/3/2024
HOSPITAL NACIONAL PROFESOR DR. ALEJANDRO POSADAS;VILLA SARMIENTO;MORÓN;2024;12;26/3/2024;7;Gastroentéricas;11;Diarreas;11;45 a 64;1;27/3/2024
HOSPITAL NACIONAL PROFESOR DR. ALEJANDRO POSADAS;VILLA SARMIENTO;MORÓN;2024;12;26/3/2024;7;Gastroentéricas;11;Diarreas;13;>= a 75;2;27/3/2024
HOSPITAL NACIONAL PROFESOR DR. ALEJANDRO POSADAS;VILLA SARMIENTO;MORÓN;2024;12;26/3/2024;6;Respiratorias;8;Enfermedad tipo influenza (ETI);7;15 a 19;2;27/3/2024
HOSPITAL NACIONAL PROFESOR DR. ALEJANDRO POSADAS;VILLA SARMIENTO;MORÓN;2024;12;26/3/2024;6;Respiratorias;8;Enfermedad tipo influenza (ETI);8;20 a 24;1;27/3/2024
HOSPITAL NACIONAL PROFESOR DR. ALEJANDRO POSADAS;VILLA SARMIENTO;MORÓN;2024;12;26/3/2024;6;Respiratorias;8;Enfermedad tipo influenza (ETI);9;25 a 34;1;27/3/2024
HOSPITAL NACIONAL PROFESOR DR. ALEJANDRO POSADAS;VILLA SARMIENTO;MORÓN;2024;12;26/3/2024;6;Respiratorias;8;Enfermedad tipo influenza (ETI);11;45 a 64;1;27/3/2024
HOSPITAL NACIONAL PROFESOR DR. ALEJANDRO POSADAS;VILLA SARMIENTO;MORÓN;2024;12;26/3/2024;6;Respiratorias;441;Neumonía en pacientes ambulatorios;6;10 a 14;3;27/3/2024
HOSPITAL NACIONAL PROFESOR DR. ALEJANDRO POSADAS;VILLA SARMIENTO;MORÓN;2024;12;26/3/2024;6;Respiratorias;441;Neumonía en pacientes ambulatorios;9;25 a 34;2;27/3/2024
HOSPITAL NACIONAL PROFESOR DR. ALEJANDRO POSADAS;VILLA SARMIENTO;MORÓN;2024;12;26/3/2024;6;Respiratorias;441;Neumonía en pacientes ambulatorios;10;35 a 44;3;27/3/2024
HOSPITAL NACIONAL PROFESOR DR. ALEJANDRO POSADAS;VILLA SARMIENTO;MORÓN;2024;12;26/3/2024;6;Respiratorias;441;Neumonía en pacientes ambulatorios;11;45 a 64;3;27/3/2024
HOSPITAL NACIONAL PROFESOR DR. ALEJANDRO POSADAS;VILLA SARMIENTO;MORÓN;2024;12;26/3/2024;6;Respiratorias;441;Neumonía en pacientes ambulatorios;12;65 a 74;1;27/3/2024
HOSPITAL NACIONAL PROFESOR DR. ALEJANDRO POSADAS;VILLA SARMIENTO;MORÓN;2024;11;18/3/2024;6;Respiratorias;8;Enfermedad tipo influenza (ETI);9;25 a 34;3;18/3/2024
HOSPITAL NACIONAL PROFESOR DR. ALEJANDRO POSADAS;VILLA SARMIENTO;MORÓN;2024;11;18/3/2024;6;Respiratorias;8;Enfermedad tipo influenza (ETI);10;35 a 44;1;18/3/2024
HOSPITAL NACIONAL PROFESOR DR. ALEJANDRO POSADAS;VILLA SARMIENTO;MORÓN;2024;11;18/3/2024;6;Respiratorias;8;Enfermedad tipo influenza (ETI);11;45 a 64;2;18/3/2024
HOSPITAL NACIONAL PROFESOR DR. ALEJANDRO POSADAS;VILLA SARMIENTO;MORÓN;2024;11;18/3/2024;6;Respiratorias;8;Enfermedad tipo influenza (ETI);13;>= a 75;1;18/3/2024
HOSPITAL NACIONAL PROFESOR DR. ALEJANDRO POSADAS;VILLA SARMIENTO;MORÓN;2024;11;18/3/2024;6;Respiratorias;441;Neumonía en pacientes ambulatorios;4;2 a 4;4;18/3/2024
HOSPITAL NACIONAL PROFESOR DR. ALEJANDRO POSADAS;VILLA SARMIENTO;MORÓN;2024;11;18/3/2024;6;Respiratorias;441;Neumonía en pacientes ambulatorios;5;5 a 9;2;18/3/2024
HOSPITAL NACIONAL PROFESOR DR. ALEJANDRO POSADAS;VILLA SARMIENTO;MORÓN;2024;11;18/3/2024;6;Respiratorias;441;Neumonía en pacientes ambulatorios;7;15 a 19;1;18/3/2024
HOSPITAL NACIONAL PROFESOR DR. ALEJANDRO POSADAS;VILLA SARMIENTO;MORÓN;2024;11;18/3/2024;6;Respiratorias;441;Neumonía en pacientes ambulatorios;9;25 a 34;2;18/3/2024
HOSPITAL NACIONAL PROFESOR DR. ALEJANDRO POSADAS;VILLA SARMIENTO;MORÓN;2024;11;18/3/2024;6;Respiratorias;441;Neumonía en pacientes ambulatorios;10;35 a 44;1;18/3/2024
HOSPITAL NACIONAL PROFESOR DR. ALEJANDRO POSADAS;VILLA SARMIENTO;MORÓN;2024;11;18/3/2024;6;Respiratorias;441;Neumonía en pacientes ambulatorios;11;45 a 64;4;18/3/2024
HOSPITAL NACIONAL PROFESOR DR. ALEJANDRO POSADAS;VILLA SARMIENTO;MORÓN;2024;11;18/3/2024;6;Respiratorias;441;Neumonía en pacientes ambulatorios;12;65 a 74;1;18/3/2024
HOSPITAL NACIONAL PROFESOR DR. ALEJANDRO POSADAS;VILLA SARMIENTO;MORÓN;2024;11;18/3/2024;6;Respiratorias;443;Bronquiolitis en menores de 2 años ambulatorios;3;12 a 23 m;1;18/3/2024
HOSPITAL INTERZONAL GENERAL AGUDOS DR. LUIS A. GUEMES;HAEDO;MORÓN;2024;12;25/3/2024;116;Internaciones por lesiones en el hogar;501;Lesiones por caídas y golpes;13;>= a 75;3;25/3/2024
HOSPITAL NACIONAL PROFESOR DR. ALEJANDRO POSADAS;VILLA SARMIENTO;MORÓN;2024;12;26/3/2024;7;Gastroentéricas;11;Diarreas;1;< 6 m;1;26/3/2024
HOSPITAL NACIONAL PROFESOR DR. ALEJANDRO POSADAS;VILLA SARMIENTO;MORÓN;2024;12;26/3/2024;7;Gastroentéricas;11;Diarreas;2;6 a 11 m;3;26/3/2024
HOSPITAL NACIONAL PROFESOR DR. ALEJANDRO POSADAS;VILLA SARMIENTO;MORÓN;2024;12;26/3/2024;7;Gastroentéricas;11;Diarreas;3;12 a 23 m;6;26/3/2024
HOSPITAL NACIONAL PROFESOR DR. ALEJANDRO POSADAS;VILLA SARMIENTO;MORÓN;2024;12;26/3/2024;7;Gastroentéricas;11;Diarreas;4;2 a 4;4;26/3/2024
HOSPITAL NACIONAL PROFESOR DR. ALEJANDRO POSADAS;VILLA SARMIENTO;MORÓN;2024;12;26/3/2024;7;Gastroentéricas;11;Diarreas;5;5 a 9;7;26/3/2024
HOSPITAL NACIONAL PROFESOR DR. ALEJANDRO POSADAS;VILLA SARMIENTO;MORÓN;2024;12;26/3/2024;7;Gastroentéricas;11;Diarreas;6;10 a 14;1;26/3/2024
HOSPITAL NACIONAL PROFESOR DR. ALEJANDRO POSADAS;VILLA SARMIENTO;MORÓN;2024;12;26/3/2024;6;Respiratorias;8;Enfermedad tipo influenza (ETI);4;2 a 4;1;26/3/2024
HOSPITAL INTERZONAL GENERAL AGUDOS DR. LUIS A. GUEMES;HAEDO;MORÓN;2024;10;11/3/2024;7;Gastroentéricas;11;Diarreas;17;Edad Sin Esp.;1;11/3/2024
HOSPITAL INTERZONAL GENERAL AGUDOS DR. LUIS A. GUEMES;HAEDO;MORÓN;2024;10;11/3/2024;6;Respiratorias;8;Enfermedad tipo influenza (ETI);9;25 a 34;3;11/3/2024
HOSPITAL INTERZONAL GENERAL AGUDOS DR. LUIS A. GUEMES;HAEDO;MORÓN;2024;10;11/3/2024;6;Respiratorias;8;Enfermedad tipo influenza (ETI);10;35 a 44;3;11/3/2024
HOSPITAL INTERZONAL GENERAL AGUDOS DR. LUIS A. GUEMES;HAEDO;MORÓN;2024;10;11/3/2024;6;Respiratorias;8;Enfermedad tipo influenza (ETI);11;45 a 64;6;11/3/2024
HOSPITAL INTERZONAL GENERAL AGUDOS DR. LUIS A. GUEMES;HAEDO;MORÓN;2024;10;11/3/2024;6;Respiratorias;8;Enfermedad tipo influenza (ETI);17;Edad Sin Esp.;2;11/3/2024
HOSPITAL INTERZONAL GENERAL AGUDOS DR. LUIS A. GUEMES;HAEDO;MORÓN;2024;10;11/3/2024;6;Respiratorias;10;Neumonía (sin especificar);11;45 a 64;1;11/3/2024
HOSPITAL INTERZONAL GENERAL AGUDOS DR. LUIS A. GUEMES;HAEDO;MORÓN;2024;10;11/3/2024;6;Respiratorias;10;Neumonía (sin especificar);12;65 a 74;1;11/3/2024
HOSPITAL NACIONAL PROFESOR DR. ALEJANDRO POSADAS;VILLA SARMIENTO;MORÓN;2024;12;26/3/2024;6;Respiratorias;441;Neumonía en pacientes ambulatorios;5;5 a 9;1;26/3/2024
HOSPITAL NACIONAL PROFESOR DR. ALEJANDRO POSADAS;VILLA SARMIENTO;MORÓN;2024;12;26/3/2024;6;Respiratorias;441;Neumonía en pacientes ambulatorios;7;15 a 19;3;26/3/2024
HOSPITAL NACIONAL PROFESOR DR. ALEJANDRO POSADAS;VILLA SARMIENTO;MORÓN;2024;12;26/3/2024;6;Respiratorias;443;Bronquiolitis en menores de 2 años ambulatorios;2;6 a 11 m;1;26/3/2024
HOSPITAL NACIONAL PROFESOR DR. ALEJANDRO POSADAS;VILLA SARMIENTO;MORÓN;2024;12;26/3/2024;6;Respiratorias;443;Bronquiolitis en menores de 2 años ambulatorios;3;12 a 23 m;5;26/3/2024
HOSPITAL INTERZONAL GENERAL AGUDOS DR. LUIS A. GUEMES;HAEDO;MORÓN;2024;12;25/3/2024;6;Respiratorias;8;Enfermedad tipo influenza (ETI);7;15 a 19;2;25/3/2024
HOSPITAL INTERZONAL GENERAL AGUDOS DR. LUIS A. GUEMES;HAEDO;MORÓN;2024;12;25/3/2024;6;Respiratorias;8;Enfermedad tipo influenza (ETI);8;20 a 24;2;25/3/2024
HOSPITAL INTERZONAL GENERAL AGUDOS DR. LUIS A. GUEMES;HAEDO;MORÓN;2024;12;25/3/2024;6;Respiratorias;8;Enfermedad tipo influenza (ETI);9;25 a 34;2;25/3/2024
HOSPITAL INTERZONAL GENERAL AGUDOS DR. LUIS A. GUEMES;HAEDO;MORÓN;2024;12;25/3/2024;6;Respiratorias;8;Enfermedad tipo influenza (ETI);10;35 a 44;3;25/3/2024
HOSPITAL INTERZONAL GENERAL AGUDOS DR. LUIS A. GUEMES;HAEDO;MORÓN;2024;12;25/3/2024;6;Respiratorias;8;Enfermedad tipo influenza (ETI);11;45 a 64;5;25/3/2024
HOSPITAL INTERZONAL GENERAL AGUDOS DR. LUIS A. GUEMES;HAEDO;MORÓN;2024;12;25/3/2024;6;Respiratorias;8;Enfermedad tipo influenza (ETI);17;Edad Sin Esp.;2;25/3/2024
HOSPITAL INTERZONAL GENERAL AGUDOS DR. LUIS A. GUEMES;HAEDO;MORÓN;2024;12;25/3/2024;6;Respiratorias;10;Neumonía (sin especificar);7;15 a 19;1;25/3/2024
HOSPITAL INTERZONAL GENERAL AGUDOS DR. LUIS A. GUEMES;HAEDO;MORÓN;2024;12;25/3/2024;6;Respiratorias;10;Neumonía (sin especificar);10;35 a 44;1;25/3/2024
HOSPITAL INTERZONAL GENERAL AGUDOS DR. LUIS A. GUEMES;HAEDO;MORÓN;2024;12;25/3/2024;6;Respiratorias;10;Neumonía (sin especificar);11;45 a 64;3;25/3/2024
HOSPITAL INTERZONAL GENERAL AGUDOS DR. LUIS A. GUEMES;HAEDO;MORÓN;2024;12;25/3/2024;6;Respiratorias;10;Neumonía (sin especificar);13;>= a 75;1;25/3/2024
HOSPITAL INTERZONAL GENERAL AGUDOS DR. LUIS A. GUEMES;HAEDO;MORÓN;2024;12;25/3/2024;6;Respiratorias;10;Neumonía (sin especificar);17;Edad Sin Esp.;5;25/3/2024
HOSPITAL INTERZONAL GENERAL AGUDOS DR. LUIS A. GUEMES;HAEDO;MORÓN;2024;12;25/3/2024;116;Internaciones por lesiones en el hogar;501;Lesiones por caídas y golpes;11;45 a 64;1;25/3/2024
HOSPITAL INTERZONAL GENERAL AGUDOS DR. LUIS A. GUEMES;HAEDO;MORÓN;2024;12;25/3/2024;116;Internaciones por lesiones en el hogar;501;Lesiones por caídas y golpes;13;>= a 75;1;25/3/2024
HOSPITAL INTERZONAL GENERAL AGUDOS DR. LUIS A. GUEMES;HAEDO;MORÓN;2024;12;25/3/2024;116;Internaciones por lesiones en el hogar;501;Lesiones por caídas y golpes;8;20 a 24;1;25/3/2024
HOSPITAL INTERZONAL GENERAL AGUDOS DR. LUIS A. GUEMES;HAEDO;MORÓN;2024;12;25/3/2024;116;Internaciones por lesiones en el hogar;501;Lesiones por caídas y golpes;11;45 a 64;1;25/3/2024
HOSPITAL INTERZONAL GENERAL AGUDOS DR. LUIS A. GUEMES;HAEDO;MORÓN;2024;6;20/2/2024;7;Gastroentéricas;11;Diarreas;11;45 a 64;1;20/2/2024
HOSPITAL INTERZONAL GENERAL AGUDOS DR. LUIS A. GUEMES;HAEDO;MORÓN;2024;6;20/2/2024;6;Respiratorias;8;Enfermedad tipo influenza (ETI);7;15 a 19;1;20/2/2024
HOSPITAL INTERZONAL GENERAL AGUDOS DR. LUIS A. GUEMES;HAEDO;MORÓN;2024;6;20/2/2024;6;Respiratorias;8;Enfermedad tipo influenza (ETI);8;20 a 24;3;20/2/2024
HOSPITAL INTERZONAL GENERAL AGUDOS DR. LUIS A. GUEMES;HAEDO;MORÓN;2024;6;20/2/2024;6;Respiratorias;8;Enfermedad tipo influenza (ETI);9;25 a 34;7;20/2/2024
HOSPITAL INTERZONAL GENERAL AGUDOS DR. LUIS A. GUEMES;HAEDO;MORÓN;2024;6;20/2/2024;6;Respiratorias;8;Enfermedad tipo influenza (ETI);10;35 a 44;3;20/2/2024
HOSPITAL INTERZONAL GENERAL AGUDOS DR. LUIS A. GUEMES;HAEDO;MORÓN;2024;6;20/2/2024;6;Respiratorias;8;Enfermedad tipo influenza (ETI);11;45 a 64;8;20/2/2024
HOSPITAL INTERZONAL GENERAL AGUDOS DR. LUIS A. GUEMES;HAEDO;MORÓN;2024;6;20/2/2024;6;Respiratorias;8;Enfermedad tipo influenza (ETI);17;Edad Sin Esp.;7;20/2/2024
HOSPITAL INTERZONAL GENERAL AGUDOS DR. LUIS A. GUEMES;HAEDO;MORÓN;2024;6;20/2/2024;6;Respiratorias;10;Neumonía (sin especificar);9;25 a 34;2;20/2/2024
HOSPITAL INTERZONAL GENERAL AGUDOS DR. LUIS A. GUEMES;HAEDO;MORÓN;2024;6;20/2/2024;6;Respiratorias;10;Neumonía (sin especificar);11;45 a 64;3;20/2/2024
HOSPITAL INTERZONAL GENERAL AGUDOS DR. LUIS A. GUEMES;HAEDO;MORÓN;2024;6;20/2/2024;116;Internaciones por lesiones en el hogar;504;Lesiones por electrocución;10;35 a 44;1;20/2/2024
HOSPITAL NACIONAL PROFESOR DR. ALEJANDRO POSADAS;VILLA SARMIENTO;MORÓN;2024;5;5/2/2024;7;Gastroentéricas;11;Diarreas;1;< 6 m;3;5/2/2024
HOSPITAL NACIONAL PROFESOR DR. ALEJANDRO POSADAS;VILLA SARMIENTO;MORÓN;2024;5;5/2/2024;7;Gastroentéricas;11;Diarreas;2;6 a 11 m;4;5/2/2024
HOSPITAL NACIONAL PROFESOR DR. ALEJANDRO POSADAS;VILLA SARMIENTO;MORÓN;2024;5;5/2/2024;7;Gastroentéricas;11;Diarreas;3;12 a 23 m;6;5/2/2024
HOSPITAL NACIONAL PROFESOR DR. ALEJANDRO POSADAS;VILLA SARMIENTO;MORÓN;2024;5;5/2/2024;7;Gastroentéricas;11;Diarreas;4;2 a 4;11;5/2/2024
HOSPITAL NACIONAL PROFESOR DR. ALEJANDRO POSADAS;VILLA SARMIENTO;MORÓN;2024;5;5/2/2024;7;Gastroentéricas;11;Diarreas;5;5 a 9;15;5/2/2024
HOSPITAL NACIONAL PROFESOR DR. ALEJANDRO POSADAS;VILLA SARMIENTO;MORÓN;2024;5;5/2/2024;7;Gastroentéricas;11;Diarreas;6;10 a 14;12;5/2/2024
HOSPITAL NACIONAL PROFESOR DR. ALEJANDRO POSADAS;VILLA SARMIENTO;MORÓN;2024;5;5/2/2024;6;Respiratorias;8;Enfermedad tipo influenza (ETI);1;< 6 m;4;5/2/2024
HOSPITAL NACIONAL PROFESOR DR. ALEJANDRO POSADAS;VILLA SARMIENTO;MORÓN;2024;5;5/2/2024;6;Respiratorias;8;Enfermedad tipo influenza (ETI);2;6 a 11 m;3;5/2/2024
HOSPITAL INTERZONAL GENERAL AGUDOS DR. LUIS A. GUEMES;HAEDO;MORÓN;2024;3;22/1/2024;6;Respiratorias;8;Enfermedad tipo influenza (ETI);8;20 a 24;2;22/1/2024
HOSPITAL INTERZONAL GENERAL AGUDOS DR. LUIS A. GUEMES;HAEDO;MORÓN;2024;3;22/1/2024;6;Respiratorias;8;Enfermedad tipo influenza (ETI);9;25 a 34;6;22/1/2024
HOSPITAL INTERZONAL GENERAL AGUDOS DR. LUIS A. GUEMES;HAEDO;MORÓN;2024;3;22/1/2024;6;Respiratorias;8;Enfermedad tipo influenza (ETI);10;35 a 44;5;22/1/2024
HOSPITAL INTERZONAL GENERAL AGUDOS DR. LUIS A. GUEMES;HAEDO;MORÓN;2024;3;22/1/2024;6;Respiratorias;8;Enfermedad tipo influenza (ETI);11;45 a 64;7;22/1/2024
HOSPITAL INTERZONAL GENERAL AGUDOS DR. LUIS A. GUEMES;HAEDO;MORÓN;2024;3;22/1/2024;6;Respiratorias;8;Enfermedad tipo influenza (ETI);12;65 a 74;4;22/1/2024
HOSPITAL INTERZONAL GENERAL AGUDOS DR. LUIS A. GUEMES;HAEDO;MORÓN;2024;3;22/1/2024;6;Respiratorias;8;Enfermedad tipo influenza (ETI);13;>= a 75;1;22/1/2024
HOSPITAL INTERZONAL GENERAL AGUDOS DR. LUIS A. GUEMES;HAEDO;MORÓN;2024;3;22/1/2024;6;Respiratorias;8;Enfermedad tipo influenza (ETI);17;Edad Sin Esp.;4;22/1/2024
HOSPITAL INTERZONAL GENERAL AGUDOS DR. LUIS A. GUEMES;HAEDO;MORÓN;2024;3;22/1/2024;6;Respiratorias;10;Neumonía (sin especificar);8;20 a 24;1;22/1/2024
HOSPITAL INTERZONAL GENERAL AGUDOS DR. LUIS A. GUEMES;HAEDO;MORÓN;2024;3;22/1/2024;6;Respiratorias;10;Neumonía (sin especificar);10;35 a 44;1;22/1/2024
HOSPITAL INTERZONAL GENERAL AGUDOS DR. LUIS A. GUEMES;HAEDO;MORÓN;2024;3;22/1/2024;6;Respiratorias;10;Neumonía (sin especificar);11;45 a 64;1;22/1/2024
HOSPITAL NACIONAL PROFESOR DR. ALEJANDRO POSADAS;VILLA SARMIENTO;MORÓN;2024;3;22/1/2024;6;Respiratorias;8;Enfermedad tipo influenza (ETI);5;5 a 9;2;22/1/2024
HOSPITAL NACIONAL PROFESOR DR. ALEJANDRO POSADAS;VILLA SARMIENTO;MORÓN;2024;3;22/1/2024;6;Respiratorias;8;Enfermedad tipo influenza (ETI);6;10 a 14;3;22/1/2024
HOSPITAL NACIONAL PROFESOR DR. ALEJANDRO POSADAS;VILLA SARMIENTO;MORÓN;2024;3;22/1/2024;6;Respiratorias;441;Neumonía en pacientes ambulatorios;5;5 a 9;3;22/1/2024
HOSPITAL NACIONAL PROFESOR DR. ALEJANDRO POSADAS;VILLA SARMIENTO;MORÓN;2024;3;22/1/2024;6;Respiratorias;441;Neumonía en pacientes ambulatorios;6;10 a 14;2;22/1/2024
HOSPITAL NACIONAL PROFESOR DR. ALEJANDRO POSADAS;VILLA SARMIENTO;MORÓN;2024;3;22/1/2024;6;Respiratorias;443;Bronquiolitis en menores de 2 años ambulatorios;1;< 6 m;1;22/1/2024
HOSPITAL NACIONAL PROFESOR DR. ALEJANDRO POSADAS;VILLA SARMIENTO;MORÓN;2024;1;8/1/2024;6;Respiratorias;441;Neumonía en pacientes ambulatorios;2;6 a 11 m;1;10/1/2024
HOSPITAL NACIONAL PROFESOR DR. ALEJANDRO POSADAS;VILLA SARMIENTO;MORÓN;2024;1;8/1/2024;6;Respiratorias;441;Neumonía en pacientes ambulatorios;5;5 a 9;1;10/1/2024
HOSPITAL NACIONAL PROFESOR DR. ALEJANDRO POSADAS;VILLA SARMIENTO;MORÓN;2024;1;8/1/2024;6;Respiratorias;443;Bronquiolitis en menores de 2 años ambulatorios;1;< 6 m;2;10/1/2024
HOSPITAL NACIONAL PROFESOR DR. ALEJANDRO POSADAS;VILLA SARMIENTO;MORÓN;2024;1;8/1/2024;6;Respiratorias;443;Bronquiolitis en menores de 2 años ambulatorios;2;6 a 11 m;2;10/1/2024
HOSPITAL NACIONAL PROFESOR DR. ALEJANDRO POSADAS;VILLA SARMIENTO;MORÓN;2024;1;8/1/2024;6;Respiratorias;443;Bronquiolitis en menores de 2 años ambulatorios;3;12 a 23 m;1;10/1/2024
HOSPITAL INTERZONAL GENERAL AGUDOS DR. LUIS A. GUEMES;HAEDO;MORÓN;2024;5;7/2/2024;6;Respiratorias;8;Enfermedad tipo influenza (ETI);11;45 a 64;4;7/2/2024
HOSPITAL INTERZONAL GENERAL AGUDOS DR. LUIS A. GUEMES;HAEDO;MORÓN;2024;5;7/2/2024;6;Respiratorias;8;Enfermedad tipo influenza (ETI);13;>= a 75;2;7/2/2024
HOSPITAL INTERZONAL GENERAL AGUDOS DR. LUIS A. GUEMES;HAEDO;MORÓN;2024;5;7/2/2024;6;Respiratorias;10;Neumonía (sin especificar);10;35 a 44;1;7/2/2024
HOSPITAL NACIONAL PROFESOR DR. ALEJANDRO POSADAS;VILLA SARMIENTO;MORÓN;2024;2;16/1/2024;6;Respiratorias;8;Enfermedad tipo influenza (ETI);10;35 a 44;2;16/1/2024
HOSPITAL NACIONAL PROFESOR DR. ALEJANDRO POSADAS;VILLA SARMIENTO;MORÓN;2024;2;16/1/2024;6;Respiratorias;8;Enfermedad tipo influenza (ETI);11;45 a 64;6;16/1/2024
HOSPITAL NACIONAL PROFESOR DR. ALEJANDRO POSADAS;VILLA SARMIENTO;MORÓN;2024;2;16/1/2024;6;Respiratorias;8;Enfermedad tipo influenza (ETI);12;65 a 74;1;16/1/2024
HOSPITAL NACIONAL PROFESOR DR. ALEJANDRO POSADAS;VILLA SARMIENTO;MORÓN;2024;2;16/1/2024;6;Respiratorias;441;Neumonía en pacientes ambulatorios;8;20 a 24;2;16/1/2024
HOSPITAL NACIONAL PROFESOR DR. ALEJANDRO POSADAS;VILLA SARMIENTO;MORÓN;2024;2;16/1/2024;6;Respiratorias;441;Neumonía en pacientes ambulatorios;9;25 a 34;2;16/1/2024
HOSPITAL NACIONAL PROFESOR DR. ALEJANDRO POSADAS;VILLA SARMIENTO;MORÓN;2024;2;16/1/2024;6;Respiratorias;441;Neumonía en pacientes ambulatorios;10;35 a 44;2;16/1/2024
HOSPITAL NACIONAL PROFESOR DR. ALEJANDRO POSADAS;VILLA SARMIENTO;MORÓN;2024;2;16/1/2024;6;Respiratorias;441;Neumonía en pacientes ambulatorios;11;45 a 64;4;16/1/2024
HOSPITAL NACIONAL PROFESOR DR. ALEJANDRO POSADAS;VILLA SARMIENTO;MORÓN;2024;6;15/2/2024;7;Gastroentéricas;11;Diarreas;1;< 6 m;3;15/2/2024
HOSPITAL INTERZONAL GENERAL AGUDOS DR. LUIS A. GUEMES;HAEDO;MORÓN;2024;1;8/1/2024;7;Gastroentéricas;11;Diarreas;9;25 a 34;1;8/1/2024
HOSPITAL INTERZONAL GENERAL AGUDOS DR. LUIS A. GUEMES;HAEDO;MORÓN;2024;1;8/1/2024;7;Gastroentéricas;11;Diarreas;10;35 a 44;1;8/1/2024
HOSPITAL INTERZONAL GENERAL AGUDOS DR. LUIS A. GUEMES;HAEDO;MORÓN;2024;1;8/1/2024;7;Gastroentéricas;11;Diarreas;11;45 a 64;1;8/1/2024
HOSPITAL INTERZONAL GENERAL AGUDOS DR. LUIS A. GUEMES;HAEDO;MORÓN;2024;1;8/1/2024;6;Respiratorias;8;Enfermedad tipo influenza (ETI);9;25 a 34;4;8/1/2024
HOSPITAL INTERZONAL GENERAL AGUDOS DR. LUIS A. GUEMES;HAEDO;MORÓN;2024;1;8/1/2024;6;Respiratorias;8;Enfermedad tipo influenza (ETI);10;35 a 44;2;8/1/2024
HOSPITAL INTERZONAL GENERAL AGUDOS DR. LUIS A. GUEMES;HAEDO;MORÓN;2024;1;8/1/2024;6;Respiratorias;8;Enfermedad tipo influenza (ETI);11;45 a 64;2;8/1/2024
HOSPITAL NACIONAL PROFESOR DR. ALEJANDRO POSADAS;VILLA SARMIENTO;MORÓN;2024;5;5/2/2024;6;Respiratorias;8;Enfermedad tipo influenza (ETI);3;12 a 23 m;2;5/2/2024
HOSPITAL NACIONAL PROFESOR DR. ALEJANDRO POSADAS;VILLA SARMIENTO;MORÓN;2024;5;5/2/2024;6;Respiratorias;8;Enfermedad tipo influenza (ETI);4;2 a 4;3;5/2/2024
HOSPITAL NACIONAL PROFESOR DR. ALEJANDRO POSADAS;VILLA SARMIENTO;MORÓN;2024;5;5/2/2024;6;Respiratorias;8;Enfermedad tipo influenza (ETI);5;5 a 9;2;5/2/2024
HOSPITAL NACIONAL PROFESOR DR. ALEJANDRO POSADAS;VILLA SARMIENTO;MORÓN;2024;5;5/2/2024;6;Respiratorias;441;Neumonía en pacientes ambulatorios;2;6 a 11 m;1;5/2/2024
HOSPITAL NACIONAL PROFESOR DR. ALEJANDRO POSADAS;VILLA SARMIENTO;MORÓN;2024;5;5/2/2024;6;Respiratorias;441;Neumonía en pacientes ambulatorios;4;2 a 4;2;5/2/2024
HOSPITAL NACIONAL PROFESOR DR. ALEJANDRO POSADAS;VILLA SARMIENTO;MORÓN;2024;5;5/2/2024;6;Respiratorias;441;Neumonía en pacientes ambulatorios;5;5 a 9;1;5/2/2024
HOSPITAL NACIONAL PROFESOR DR. ALEJANDRO POSADAS;VILLA SARMIENTO;MORÓN;2024;5;5/2/2024;6;Respiratorias;443;Bronquiolitis en menores de 2 años ambulatorios;1;< 6 m;1;5/2/2024
HOSPITAL NACIONAL PROFESOR DR. ALEJANDRO POSADAS;VILLA SARMIENTO;MORÓN;2024;5;5/2/2024;6;Respiratorias;443;Bronquiolitis en menores de 2 años ambulatorios;3;12 a 23 m;1;5/2/2024
HOSPITAL INTERZONAL GENERAL AGUDOS DR. LUIS A. GUEMES;HAEDO;MORÓN;2024;2;15/1/2024;7;Gastroentéricas;11;Diarreas;7;15 a 19;1;15/1/2024
HOSPITAL INTERZONAL GENERAL AGUDOS DR. LUIS A. GUEMES;HAEDO;MORÓN;2024;2;15/1/2024;7;Gastroentéricas;11;Diarreas;8;20 a 24;1;15/1/2024
HOSPITAL INTERZONAL GENERAL AGUDOS DR. LUIS A. GUEMES;HAEDO;MORÓN;2024;2;15/1/2024;7;Gastroentéricas;11;Diarreas;9;25 a 34;1;15/1/2024
HOSPITAL INTERZONAL GENERAL AGUDOS DR. LUIS A. GUEMES;HAEDO;MORÓN;2024;2;15/1/2024;7;Gastroentéricas;11;Diarreas;10;35 a 44;1;15/1/2024
HOSPITAL INTERZONAL GENERAL AGUDOS DR. LUIS A. GUEMES;HAEDO;MORÓN;2024;2;15/1/2024;7;Gastroentéricas;11;Diarreas;11;45 a 64;3;15/1/2024
HOSPITAL INTERZONAL GENERAL AGUDOS DR. LUIS A. GUEMES;HAEDO;MORÓN;2024;2;15/1/2024;7;Gastroentéricas;11;Diarreas;17;Edad Sin Esp.;1;15/1/2024
HOSPITAL INTERZONAL GENERAL AGUDOS DR. LUIS A. GUEMES;HAEDO;MORÓN;2024;2;15/1/2024;6;Respiratorias;8;Enfermedad tipo influenza (ETI);8;20 a 24;5;15/1/2024
HOSPITAL INTERZONAL GENERAL AGUDOS DR. LUIS A. GUEMES;HAEDO;MORÓN;2024;2;15/1/2024;6;Respiratorias;8;Enfermedad tipo influenza (ETI);9;25 a 34;1;15/1/2024
HOSPITAL INTERZONAL GENERAL AGUDOS DR. LUIS A. GUEMES;HAEDO;MORÓN;2024;2;15/1/2024;6;Respiratorias;8;Enfermedad tipo influenza (ETI);10;35 a 44;1;15/1/2024
HOSPITAL INTERZONAL GENERAL AGUDOS DR. LUIS A. GUEMES;HAEDO;MORÓN;2024;2;15/1/2024;6;Respiratorias;8;Enfermedad tipo influenza (ETI);11;45 a 64;5;15/1/2024
HOSPITAL INTERZONAL GENERAL AGUDOS DR. LUIS A. GUEMES;HAEDO;MORÓN;2024;2;15/1/2024;6;Respiratorias;8;Enfermedad tipo influenza (ETI);17;Edad Sin Esp.;3;15/1/2024
HOSPITAL NACIONAL PROFESOR DR. ALEJANDRO POSADAS;VILLA SARMIENTO;MORÓN;2024;2;16/1/2024;7;Gastroentéricas;11;Diarreas;1;< 6 m;1;16/1/2024
HOSPITAL NACIONAL PROFESOR DR. ALEJANDRO POSADAS;VILLA SARMIENTO;MORÓN;2024;2;16/1/2024;7;Gastroentéricas;11;Diarreas;2;6 a 11 m;2;16/1/2024
HOSPITAL NACIONAL PROFESOR DR. ALEJANDRO POSADAS;VILLA SARMIENTO;MORÓN;2024;2;16/1/2024;7;Gastroentéricas;11;Diarreas;3;12 a 23 m;4;16/1/2024
HOSPITAL NACIONAL PROFESOR DR. ALEJANDRO POSADAS;VILLA SARMIENTO;MORÓN;2024;2;16/1/2024;7;Gastroentéricas;11;Diarreas;4;2 a 4;6;16/1/2024
HOSPITAL NACIONAL PROFESOR DR. ALEJANDRO POSADAS;VILLA SARMIENTO;MORÓN;2024;2;16/1/2024;7;Gastroentéricas;11;Diarreas;5;5 a 9;7;16/1/2024
HOSPITAL NACIONAL PROFESOR DR. ALEJANDRO POSADAS;VILLA SARMIENTO;MORÓN;2024;2;16/1/2024;7;Gastroentéricas;11;Diarreas;6;10 a 14;4;16/1/2024
HOSPITAL NACIONAL PROFESOR DR. ALEJANDRO POSADAS;VILLA SARMIENTO;MORÓN;2024;2;16/1/2024;5;Inmunoprevenibles;6;Varicela;6;10 a 14;1;16/1/2024
HOSPITAL NACIONAL PROFESOR DR. ALEJANDRO POSADAS;VILLA SARMIENTO;MORÓN;2024;2;16/1/2024;6;Respiratorias;8;Enfermedad tipo influenza (ETI);1;< 6 m;2;16/1/2024
HOSPITAL NACIONAL PROFESOR DR. ALEJANDRO POSADAS;VILLA SARMIENTO;MORÓN;2024;2;16/1/2024;6;Respiratorias;8;Enfermedad tipo influenza (ETI);2;6 a 11 m;1;16/1/2024
HOSPITAL NACIONAL PROFESOR DR. ALEJANDRO POSADAS;VILLA SARMIENTO;MORÓN;2024;2;16/1/2024;6;Respiratorias;8;Enfermedad tipo influenza (ETI);4;2 a 4;1;16/1/2024
HOSPITAL NACIONAL PROFESOR DR. ALEJANDRO POSADAS;VILLA SARMIENTO;MORÓN;2024;2;16/1/2024;6;Respiratorias;8;Enfermedad tipo influenza (ETI);5;5 a 9;5;16/1/2024
HOSPITAL NACIONAL PROFESOR DR. ALEJANDRO POSADAS;VILLA SARMIENTO;MORÓN;2024;2;16/1/2024;6;Respiratorias;8;Enfermedad tipo influenza (ETI);6;10 a 14;1;16/1/2024
HOSPITAL NACIONAL PROFESOR DR. ALEJANDRO POSADAS;VILLA SARMIENTO;MORÓN;2024;2;16/1/2024;6;Respiratorias;441;Neumonía en pacientes ambulatorios;1;< 6 m;1;16/1/2024
HOSPITAL NACIONAL PROFESOR DR. ALEJANDRO POSADAS;VILLA SARMIENTO;MORÓN;2024;2;16/1/2024;6;Respiratorias;441;Neumonía en pacientes ambulatorios;5;5 a 9;1;16/1/2024
HOSPITAL NACIONAL PROFESOR DR. ALEJANDRO POSADAS;VILLA SARMIENTO;MORÓN;2024;1;8/1/2024;8;Enfermedades de transmisión sexual;13;Secreción genital purulenta en varones;9;25 a 34;2;8/1/2024
HOSPITAL NACIONAL PROFESOR DR. ALEJANDRO POSADAS;VILLA SARMIENTO;MORÓN;2024;1;8/1/2024;7;Gastroentéricas;11;Diarreas;7;15 a 19;1;8/1/2024
HOSPITAL NACIONAL PROFESOR DR. ALEJANDRO POSADAS;VILLA SARMIENTO;MORÓN;2024;1;8/1/2024;7;Gastroentéricas;11;Diarreas;8;20 a 24;2;8/1/2024
HOSPITAL NACIONAL PROFESOR DR. ALEJANDRO POSADAS;VILLA SARMIENTO;MORÓN;2024;1;8/1/2024;7;Gastroentéricas;11;Diarreas;9;25 a 34;5;8/1/2024
HOSPITAL NACIONAL PROFESOR DR. ALEJANDRO POSADAS;VILLA SARMIENTO;MORÓN;2024;1;8/1/2024;7;Gastroentéricas;11;Diarreas;10;35 a 44;4;8/1/2024
HOSPITAL NACIONAL PROFESOR DR. ALEJANDRO POSADAS;VILLA SARMIENTO;MORÓN;2024;1;8/1/2024;7;Gastroentéricas;11;Diarreas;11;45 a 64;6;8/1/2024
HOSPITAL NACIONAL PROFESOR DR. ALEJANDRO POSADAS;VILLA SARMIENTO;MORÓN;2024;1;8/1/2024;7;Gastroentéricas;11;Diarreas;12;65 a 74;1;8/1/2024
HOSPITAL NACIONAL PROFESOR DR. ALEJANDRO POSADAS;VILLA SARMIENTO;MORÓN;2024;1;8/1/2024;6;Respiratorias;8;Enfermedad tipo influenza (ETI);8;20 a 24;1;8/1/2024
HOSPITAL NACIONAL PROFESOR DR. ALEJANDRO POSADAS;VILLA SARMIENTO;MORÓN;2024;1;8/1/2024;6;Respiratorias;8;Enfermedad tipo influenza (ETI);9;25 a 34;7;8/1/2024
HOSPITAL NACIONAL PROFESOR DR. ALEJANDRO POSADAS;VILLA SARMIENTO;MORÓN;2024;1;8/1/2024;6;Respiratorias;8;Enfermedad tipo influenza (ETI);10;35 a 44;1;8/1/2024
HOSPITAL NACIONAL PROFESOR DR. ALEJANDRO POSADAS;VILLA SARMIENTO;MORÓN;2024;1;8/1/2024;6;Respiratorias;8;Enfermedad tipo influenza (ETI);11;45 a 64;3;8/1/2024
HOSPITAL NACIONAL PROFESOR DR. ALEJANDRO POSADAS;VILLA SARMIENTO;MORÓN;2024;1;8/1/2024;6;Respiratorias;8;Enfermedad tipo influenza (ETI);12;65 a 74;1;8/1/2024
HOSPITAL NACIONAL PROFESOR DR. ALEJANDRO POSADAS;VILLA SARMIENTO;MORÓN;2024;1;8/1/2024;6;Respiratorias;8;Enfermedad tipo influenza (ETI);13;>= a 75;2;8/1/2024
HOSPITAL NACIONAL PROFESOR DR. ALEJANDRO POSADAS;VILLA SARMIENTO;MORÓN;2024;1;8/1/2024;6;Respiratorias;441;Neumonía en pacientes ambulatorios;9;25 a 34;3;8/1/2024
HOSPITAL NACIONAL PROFESOR DR. ALEJANDRO POSADAS;VILLA SARMIENTO;MORÓN;2024;1;8/1/2024;6;Respiratorias;441;Neumonía en pacientes ambulatorios;10;35 a 44;4;8/1/2024
HOSPITAL NACIONAL PROFESOR DR. ALEJANDRO POSADAS;VILLA SARMIENTO;MORÓN;2024;1;8/1/2024;6;Respiratorias;441;Neumonía en pacientes ambulatorios;11;45 a 64;3;8/1/2024
HOSPITAL NACIONAL PROFESOR DR. ALEJANDRO POSADAS;VILLA SARMIENTO;MORÓN;2024;1;8/1/2024;6;Respiratorias;441;Neumonía en pacientes ambulatorios;13;>= a 75;1;8/1/2024
HOSPITAL NACIONAL PROFESOR DR. ALEJANDRO POSADAS;VILLA SARMIENTO;MORÓN;2024;6;15/2/2024;7;Gastroentéricas;11;Diarreas;2;6 a 11 m;2;15/2/2024
HOSPITAL NACIONAL PROFESOR DR. ALEJANDRO POSADAS;VILLA SARMIENTO;MORÓN;2024;6;15/2/2024;7;Gastroentéricas;11;Diarreas;3;12 a 23 m;4;15/2/2024
HOSPITAL NACIONAL PROFESOR DR. ALEJANDRO POSADAS;VILLA SARMIENTO;MORÓN;2024;6;15/2/2024;7;Gastroentéricas;11;Diarreas;4;2 a 4;14;15/2/2024
HOSPITAL INTERZONAL GENERAL AGUDOS DR. LUIS A. GUEMES;HAEDO;MORÓN;2024;3;22/1/2024;7;Gastroentéricas;11;Diarreas;8;20 a 24;1;22/1/2024
HOSPITAL INTERZONAL GENERAL AGUDOS DR. LUIS A. GUEMES;HAEDO;MORÓN;2024;3;22/1/2024;7;Gastroentéricas;11;Diarreas;10;35 a 44;1;22/1/2024
HOSPITAL INTERZONAL GENERAL AGUDOS DR. LUIS A. GUEMES;HAEDO;MORÓN;2024;3;22/1/2024;7;Gastroentéricas;11;Diarreas;11;45 a 64;1;22/1/2024
HOSPITAL NACIONAL PROFESOR DR. ALEJANDRO POSADAS;VILLA SARMIENTO;MORÓN;2024;7;16/2/2024;112;Vigilancia de internaciones por Infección Respiratoria Aguda;477;Dotación camas internación general adultos;17;Edad Sin Esp.;210;16/2/2024
HOSPITAL NACIONAL PROFESOR DR. ALEJANDRO POSADAS;VILLA SARMIENTO;MORÓN;2024;7;16/2/2024;112;Vigilancia de internaciones por Infección Respiratoria Aguda;485;Dotación camas internación general pediátricas;17;Edad Sin Esp.;120;16/2/2024
HOSPITAL NACIONAL PROFESOR DR. ALEJANDRO POSADAS;VILLA SARMIENTO;MORÓN;2024;7;16/2/2024;112;Vigilancia de internaciones por Infección Respiratoria Aguda;478;Pacientes adultos en internación general por TODAS las causas;17;Edad Sin Esp.;186;16/2/2024
HOSPITAL NACIONAL PROFESOR DR. ALEJANDRO POSADAS;VILLA SARMIENTO;MORÓN;2024;7;16/2/2024;112;Vigilancia de internaciones por Infección Respiratoria Aguda;486;Pacientes pediátricos en internación general por TODAS las causas;17;Edad Sin Esp.;93;16/2/2024
HOSPITAL NACIONAL PROFESOR DR. ALEJANDRO POSADAS;VILLA SARMIENTO;MORÓN;2024;7;16/2/2024;112;Vigilancia de internaciones por Infección Respiratoria Aguda;481;Dotación UTI adultos;17;Edad Sin Esp.;65;16/2/2024
HOSPITAL NACIONAL PROFESOR DR. ALEJANDRO POSADAS;VILLA SARMIENTO;MORÓN;2024;7;16/2/2024;112;Vigilancia de internaciones por Infección Respiratoria Aguda;484;Dotación UTI pediátricas;17;Edad Sin Esp.;40;16/2/2024
HOSPITAL NACIONAL PROFESOR DR. ALEJANDRO POSADAS;VILLA SARMIENTO;MORÓN;2024;7;16/2/2024;112;Vigilancia de internaciones por Infección Respiratoria Aguda;482;UTIs adultos ocupadas por TODAS las causas;17;Edad Sin Esp.;64;16/2/2024
HOSPITAL NACIONAL PROFESOR DR. ALEJANDRO POSADAS;VILLA SARMIENTO;MORÓN;2024;7;16/2/2024;112;Vigilancia de internaciones por Infección Respiratoria Aguda;487;UTIs pediátricas ocupadas por TODAS las causas;17;Edad Sin Esp.;24;16/2/2024
HOSPITAL NACIONAL PROFESOR DR. ALEJANDRO POSADAS;VILLA SARMIENTO;MORÓN;2024;3;22/1/2024;7;Gastroentéricas;11;Diarreas;1;< 6 m;1;22/1/2024
HOSPITAL NACIONAL PROFESOR DR. ALEJANDRO POSADAS;VILLA SARMIENTO;MORÓN;2024;3;22/1/2024;7;Gastroentéricas;11;Diarreas;2;6 a 11 m;4;22/1/2024
HOSPITAL NACIONAL PROFESOR DR. ALEJANDRO POSADAS;VILLA SARMIENTO;MORÓN;2024;3;22/1/2024;7;Gastroentéricas;11;Diarreas;3;12 a 23 m;6;22/1/2024
HOSPITAL NACIONAL PROFESOR DR. ALEJANDRO POSADAS;VILLA SARMIENTO;MORÓN;2024;3;22/1/2024;7;Gastroentéricas;11;Diarreas;4;2 a 4;8;22/1/2024
HOSPITAL NACIONAL PROFESOR DR. ALEJANDRO POSADAS;VILLA SARMIENTO;MORÓN;2024;3;22/1/2024;7;Gastroentéricas;11;Diarreas;5;5 a 9;13;22/1/2024
HOSPITAL NACIONAL PROFESOR DR. ALEJANDRO POSADAS;VILLA SARMIENTO;MORÓN;2024;3;22/1/2024;7;Gastroentéricas;11;Diarreas;6;10 a 14;6;22/1/2024
HOSPITAL NACIONAL PROFESOR DR. ALEJANDRO POSADAS;VILLA SARMIENTO;MORÓN;2024;3;22/1/2024;6;Respiratorias;8;Enfermedad tipo influenza (ETI);1;< 6 m;1;22/1/2024
HOSPITAL NACIONAL PROFESOR DR. ALEJANDRO POSADAS;VILLA SARMIENTO;MORÓN;2024;3;22/1/2024;6;Respiratorias;8;Enfermedad tipo influenza (ETI);2;6 a 11 m;2;22/1/2024
HOSPITAL NACIONAL PROFESOR DR. ALEJANDRO POSADAS;VILLA SARMIENTO;MORÓN;2024;3;22/1/2024;6;Respiratorias;8;Enfermedad tipo influenza (ETI);3;12 a 23 m;3;22/1/2024
HOSPITAL NACIONAL PROFESOR DR. ALEJANDRO POSADAS;VILLA SARMIENTO;MORÓN;2024;3;22/1/2024;6;Respiratorias;8;Enfermedad tipo influenza (ETI);4;2 a 4;1;22/1/2024
HOSPITAL NACIONAL PROFESOR DR. ALEJANDRO POSADAS;VILLA SARMIENTO;MORÓN;2024;6;15/2/2024;7;Gastroentéricas;11;Diarreas;5;5 a 9;11;15/2/2024
HOSPITAL NACIONAL PROFESOR DR. ALEJANDRO POSADAS;VILLA SARMIENTO;MORÓN;2024;6;15/2/2024;7;Gastroentéricas;11;Diarreas;6;10 a 14;7;15/2/2024
HOSPITAL NACIONAL PROFESOR DR. ALEJANDRO POSADAS;VILLA SARMIENTO;MORÓN;2024;6;15/2/2024;6;Respiratorias;8;Enfermedad tipo influenza (ETI);1;< 6 m;1;15/2/2024
HOSPITAL NACIONAL PROFESOR DR. ALEJANDRO POSADAS;VILLA SARMIENTO;MORÓN;2024;6;15/2/2024;6;Respiratorias;8;Enfermedad tipo influenza (ETI);2;6 a 11 m;4;15/2/2024
HOSPITAL NACIONAL PROFESOR DR. ALEJANDRO POSADAS;VILLA SARMIENTO;MORÓN;2024;6;15/2/2024;6;Respiratorias;8;Enfermedad tipo influenza (ETI);3;12 a 23 m;3;15/2/2024
HOSPITAL NACIONAL PROFESOR DR. ALEJANDRO POSADAS;VILLA SARMIENTO;MORÓN;2024;6;15/2/2024;6;Respiratorias;8;Enfermedad tipo influenza (ETI);4;2 a 4;8;15/2/2024
HOSPITAL NACIONAL PROFESOR DR. ALEJANDRO POSADAS;VILLA SARMIENTO;MORÓN;2024;6;15/2/2024;6;Respiratorias;8;Enfermedad tipo influenza (ETI);5;5 a 9;9;15/2/2024
HOSPITAL NACIONAL PROFESOR DR. ALEJANDRO POSADAS;VILLA SARMIENTO;MORÓN;2024;6;15/2/2024;6;Respiratorias;8;Enfermedad tipo influenza (ETI);6;10 a 14;3;15/2/2024
HOSPITAL NACIONAL PROFESOR DR. ALEJANDRO POSADAS;VILLA SARMIENTO;MORÓN;2024;6;15/2/2024;6;Respiratorias;441;Neumonía en pacientes ambulatorios;2;6 a 11 m;1;15/2/2024
HOSPITAL NACIONAL PROFESOR DR. ALEJANDRO POSADAS;VILLA SARMIENTO;MORÓN;2024;6;15/2/2024;6;Respiratorias;441;Neumonía en pacientes ambulatorios;5;5 a 9;3;15/2/2024
HOSPITAL INTERZONAL GENERAL AGUDOS DR. LUIS A. GUEMES;HAEDO;MORÓN;2024;11;18/3/2024;7;Gastroentéricas;11;Diarreas;13;>= a 75;1;18/3/2024
HOSPITAL INTERZONAL GENERAL AGUDOS DR. LUIS A. GUEMES;HAEDO;MORÓN;2024;11;18/3/2024;6;Respiratorias;8;Enfermedad tipo influenza (ETI);7;15 a 19;4;18/3/2024
HOSPITAL INTERZONAL GENERAL AGUDOS DR. LUIS A. GUEMES;HAEDO;MORÓN;2024;11;18/3/2024;6;Respiratorias;8;Enfermedad tipo influenza (ETI);8;20 a 24;2;18/3/2024
HOSPITAL INTERZONAL GENERAL AGUDOS DR. LUIS A. GUEMES;HAEDO;MORÓN;2024;11;18/3/2024;6;Respiratorias;8;Enfermedad tipo influenza (ETI);9;25 a 34;3;18/3/2024
HOSPITAL INTERZONAL GENERAL AGUDOS DR. LUIS A. GUEMES;HAEDO;MORÓN;2024;11;18/3/2024;6;Respiratorias;8;Enfermedad tipo influenza (ETI);10;35 a 44;1;18/3/2024
HOSPITAL INTERZONAL GENERAL AGUDOS DR. LUIS A. GUEMES;HAEDO;MORÓN;2024;11;18/3/2024;6;Respiratorias;8;Enfermedad tipo influenza (ETI);11;45 a 64;5;18/3/2024
HOSPITAL INTERZONAL GENERAL AGUDOS DR. LUIS A. GUEMES;HAEDO;MORÓN;2024;11;18/3/2024;6;Respiratorias;8;Enfermedad tipo influenza (ETI);17;Edad Sin Esp.;8;18/3/2024
HOSPITAL INTERZONAL GENERAL AGUDOS DR. LUIS A. GUEMES;HAEDO;MORÓN;2024;11;18/3/2024;6;Respiratorias;10;Neumonía (sin especificar);11;45 a 64;1;18/3/2024
HOSPITAL INTERZONAL GENERAL AGUDOS DR. LUIS A. GUEMES;HAEDO;MORÓN;2024;11;18/3/2024;6;Respiratorias;10;Neumonía (sin especificar);13;>= a 75;1;18/3/2024
HOSPITAL INTERZONAL GENERAL AGUDOS DR. LUIS A. GUEMES;HAEDO;MORÓN;2024;11;18/3/2024;116;Internaciones por lesiones en el hogar;501;Lesiones por caídas y golpes;7;15 a 19;1;18/3/2024
HOSPITAL NACIONAL PROFESOR DR. ALEJANDRO POSADAS;VILLA SARMIENTO;MORÓN;2024;6;15/2/2024;8;Enfermedades de transmisión sexual;13;Secreción genital purulenta en varones;7;15 a 19;1;15/2/2024
HOSPITAL NACIONAL PROFESOR DR. ALEJANDRO POSADAS;VILLA SARMIENTO;MORÓN;2024;6;15/2/2024;8;Enfermedades de transmisión sexual;13;Secreción genital purulenta en varones;9;25 a 34;1;15/2/2024
HOSPITAL NACIONAL PROFESOR DR. ALEJANDRO POSADAS;VILLA SARMIENTO;MORÓN;2024;6;15/2/2024;7;Gastroentéricas;11;Diarreas;8;20 a 24;5;15/2/2024
HOSPITAL NACIONAL PROFESOR DR. ALEJANDRO POSADAS;VILLA SARMIENTO;MORÓN;2024;6;15/2/2024;7;Gastroentéricas;11;Diarreas;9;25 a 34;6;15/2/2024
HOSPITAL NACIONAL PROFESOR DR. ALEJANDRO POSADAS;VILLA SARMIENTO;MORÓN;2024;6;15/2/2024;7;Gastroentéricas;11;Diarreas;10;35 a 44;2;15/2/2024
HOSPITAL NACIONAL PROFESOR DR. ALEJANDRO POSADAS;VILLA SARMIENTO;MORÓN;2024;6;15/2/2024;7;Gastroentéricas;11;Diarreas;11;45 a 64;11;15/2/2024
HOSPITAL NACIONAL PROFESOR DR. ALEJANDRO POSADAS;VILLA SARMIENTO;MORÓN;2024;6;15/2/2024;7;Gastroentéricas;11;Diarreas;13;>= a 75;1;15/2/2024
HOSPITAL INTERZONAL GENERAL AGUDOS DR. LUIS A. GUEMES;HAEDO;MORÓN;2024;11;18/3/2024;116;Internaciones por lesiones en el hogar;501;Lesiones por caídas y golpes;9;25 a 34;1;18/3/2024
HOSPITAL INTERZONAL GENERAL AGUDOS DR. LUIS A. GUEMES;HAEDO;MORÓN;2024;11;18/3/2024;116;Internaciones por lesiones en el hogar;501;Lesiones por caídas y golpes;10;35 a 44;1;18/3/2024
HOSPITAL INTERZONAL GENERAL AGUDOS DR. LUIS A. GUEMES;HAEDO;MORÓN;2024;11;18/3/2024;116;Internaciones por lesiones en el hogar;501;Lesiones por caídas y golpes;12;65 a 74;1;18/3/2024
HOSPITAL INTERZONAL GENERAL AGUDOS DR. LUIS A. GUEMES;HAEDO;MORÓN;2024;11;18/3/2024;116;Internaciones por lesiones en el hogar;501;Lesiones por caídas y golpes;8;20 a 24;1;18/3/2024
HOSPITAL INTERZONAL GENERAL AGUDOS DR. LUIS A. GUEMES;HAEDO;MORÓN;2024;11;18/3/2024;116;Internaciones por lesiones en el hogar;501;Lesiones por caídas y golpes;9;25 a 34;2;18/3/2024
HOSPITAL INTERZONAL GENERAL AGUDOS DR. LUIS A. GUEMES;HAEDO;MORÓN;2024;11;18/3/2024;116;Internaciones por lesiones en el hogar;501;Lesiones por caídas y golpes;10;35 a 44;2;18/3/2024
HOSPITAL NACIONAL PROFESOR DR. ALEJANDRO POSADAS;VILLA SARMIENTO;MORÓN;2024;6;15/2/2024;6;Respiratorias;8;Enfermedad tipo influenza (ETI);8;20 a 24;4;15/2/2024
HOSPITAL NACIONAL PROFESOR DR. ALEJANDRO POSADAS;VILLA SARMIENTO;MORÓN;2024;6;15/2/2024;6;Respiratorias;8;Enfermedad tipo influenza (ETI);9;25 a 34;8;15/2/2024
HOSPITAL NACIONAL PROFESOR DR. ALEJANDRO POSADAS;VILLA SARMIENTO;MORÓN;2024;6;15/2/2024;6;Respiratorias;8;Enfermedad tipo influenza (ETI);10;35 a 44;4;15/2/2024
HOSPITAL NACIONAL PROFESOR DR. ALEJANDRO POSADAS;VILLA SARMIENTO;MORÓN;2024;6;15/2/2024;6;Respiratorias;8;Enfermedad tipo influenza (ETI);11;45 a 64;6;15/2/2024
HOSPITAL NACIONAL PROFESOR DR. ALEJANDRO POSADAS;VILLA SARMIENTO;MORÓN;2024;6;15/2/2024;6;Respiratorias;441;Neumonía en pacientes ambulatorios;7;15 a 19;1;15/2/2024
HOSPITAL NACIONAL PROFESOR DR. ALEJANDRO POSADAS;VILLA SARMIENTO;MORÓN;2024;6;15/2/2024;6;Respiratorias;441;Neumonía en pacientes ambulatorios;8;20 a 24;1;15/2/2024
HOSPITAL NACIONAL PROFESOR DR. ALEJANDRO POSADAS;VILLA SARMIENTO;MORÓN;2024;6;15/2/2024;6;Respiratorias;441;Neumonía en pacientes ambulatorios;9;25 a 34;3;15/2/2024
HOSPITAL NACIONAL PROFESOR DR. ALEJANDRO POSADAS;VILLA SARMIENTO;MORÓN;2024;6;15/2/2024;6;Respiratorias;441;Neumonía en pacientes ambulatorios;10;35 a 44;1;15/2/2024
HOSPITAL NACIONAL PROFESOR DR. ALEJANDRO POSADAS;VILLA SARMIENTO;MORÓN;2024;6;15/2/2024;6;Respiratorias;441;Neumonía en pacientes ambulatorios;11;45 a 64;3;15/2/2024
HOSPITAL NACIONAL PROFESOR DR. ALEJANDRO POSADAS;VILLA SARMIENTO;MORÓN;2024;1;8/1/2024;7;Gastroentéricas;11;Diarreas;1;< 6 m;1;10/1/2024
HOSPITAL NACIONAL PROFESOR DR. ALEJANDRO POSADAS;VILLA SARMIENTO;MORÓN;2024;1;8/1/2024;7;Gastroentéricas;11;Diarreas;3;12 a 23 m;3;10/1/2024
HOSPITAL NACIONAL PROFESOR DR. ALEJANDRO POSADAS;VILLA SARMIENTO;MORÓN;2024;1;8/1/2024;7;Gastroentéricas;11;Diarreas;4;2 a 4;4;10/1/2024
HOSPITAL NACIONAL PROFESOR DR. ALEJANDRO POSADAS;VILLA SARMIENTO;MORÓN;2024;1;8/1/2024;7;Gastroentéricas;11;Diarreas;5;5 a 9;3;10/1/2024
HOSPITAL NACIONAL PROFESOR DR. ALEJANDRO POSADAS;VILLA SARMIENTO;MORÓN;2024;1;8/1/2024;6;Respiratorias;8;Enfermedad tipo influenza (ETI);1;< 6 m;1;10/1/2024
HOSPITAL NACIONAL PROFESOR DR. ALEJANDRO POSADAS;VILLA SARMIENTO;MORÓN;2024;1;8/1/2024;6;Respiratorias;8;Enfermedad tipo influenza (ETI);3;12 a 23 m;1;10/1/2024
HOSPITAL NACIONAL PROFESOR DR. ALEJANDRO POSADAS;VILLA SARMIENTO;MORÓN;2024;1;8/1/2024;6;Respiratorias;8;Enfermedad tipo influenza (ETI);4;2 a 4;1;10/1/2024
HOSPITAL NACIONAL PROFESOR DR. ALEJANDRO POSADAS;VILLA SARMIENTO;MORÓN;2024;3;22/1/2024;7;Gastroentéricas;11;Diarreas;7;15 a 19;3;22/1/2024
HOSPITAL NACIONAL PROFESOR DR. ALEJANDRO POSADAS;VILLA SARMIENTO;MORÓN;2024;3;22/1/2024;7;Gastroentéricas;11;Diarreas;8;20 a 24;6;22/1/2024
HOSPITAL NACIONAL PROFESOR DR. ALEJANDRO POSADAS;VILLA SARMIENTO;MORÓN;2024;3;22/1/2024;7;Gastroentéricas;11;Diarreas;9;25 a 34;8;22/1/2024
HOSPITAL NACIONAL PROFESOR DR. ALEJANDRO POSADAS;VILLA SARMIENTO;MORÓN;2024;3;22/1/2024;7;Gastroentéricas;11;Diarreas;10;35 a 44;4;22/1/2024
HOSPITAL NACIONAL PROFESOR DR. ALEJANDRO POSADAS;VILLA SARMIENTO;MORÓN;2024;3;22/1/2024;7;Gastroentéricas;11;Diarreas;11;45 a 64;9;22/1/2024
HOSPITAL NACIONAL PROFESOR DR. ALEJANDRO POSADAS;VILLA SARMIENTO;MORÓN;2024;3;22/1/2024;6;Respiratorias;8;Enfermedad tipo influenza (ETI);7;15 a 19;1;22/1/2024
HOSPITAL NACIONAL PROFESOR DR. ALEJANDRO POSADAS;VILLA SARMIENTO;MORÓN;2024;3;22/1/2024;6;Respiratorias;8;Enfermedad tipo influenza (ETI);8;20 a 24;3;22/1/2024
HOSPITAL NACIONAL PROFESOR DR. ALEJANDRO POSADAS;VILLA SARMIENTO;MORÓN;2024;3;22/1/2024;6;Respiratorias;8;Enfermedad tipo influenza (ETI);9;25 a 34;5;22/1/2024
HOSPITAL NACIONAL PROFESOR DR. ALEJANDRO POSADAS;VILLA SARMIENTO;MORÓN;2024;3;22/1/2024;6;Respiratorias;8;Enfermedad tipo influenza (ETI);10;35 a 44;5;22/1/2024
HOSPITAL NACIONAL PROFESOR DR. ALEJANDRO POSADAS;VILLA SARMIENTO;MORÓN;2024;3;22/1/2024;6;Respiratorias;8;Enfermedad tipo influenza (ETI);11;45 a 64;6;22/1/2024
HOSPITAL NACIONAL PROFESOR DR. ALEJANDRO POSADAS;VILLA SARMIENTO;MORÓN;2024;3;22/1/2024;6;Respiratorias;8;Enfermedad tipo influenza (ETI);12;65 a 74;4;22/1/2024
HOSPITAL NACIONAL PROFESOR DR. ALEJANDRO POSADAS;VILLA SARMIENTO;MORÓN;2024;3;22/1/2024;6;Respiratorias;8;Enfermedad tipo influenza (ETI);13;>= a 75;2;22/1/2024
HOSPITAL NACIONAL PROFESOR DR. ALEJANDRO POSADAS;VILLA SARMIENTO;MORÓN;2024;3;22/1/2024;6;Respiratorias;441;Neumonía en pacientes ambulatorios;7;15 a 19;1;22/1/2024
HOSPITAL NACIONAL PROFESOR DR. ALEJANDRO POSADAS;VILLA SARMIENTO;MORÓN;2024;3;22/1/2024;6;Respiratorias;441;Neumonía en pacientes ambulatorios;9;25 a 34;5;22/1/2024
HOSPITAL NACIONAL PROFESOR DR. ALEJANDRO POSADAS;VILLA SARMIENTO;MORÓN;2024;3;22/1/2024;6;Respiratorias;441;Neumonía en pacientes ambulatorios;10;35 a 44;3;22/1/2024
HOSPITAL NACIONAL PROFESOR DR. ALEJANDRO POSADAS;VILLA SARMIENTO;MORÓN;2024;3;22/1/2024;6;Respiratorias;441;Neumonía en pacientes ambulatorios;11;45 a 64;4;22/1/2024
HOSPITAL NACIONAL PROFESOR DR. ALEJANDRO POSADAS;VILLA SARMIENTO;MORÓN;2024;3;22/1/2024;6;Respiratorias;441;Neumonía en pacientes ambulatorios;12;65 a 74;2;22/1/2024
HOSPITAL NACIONAL PROFESOR DR. ALEJANDRO POSADAS;VILLA SARMIENTO;MORÓN;2024;3;22/1/2024;6;Respiratorias;441;Neumonía en pacientes ambulatorios;13;>= a 75;2;22/1/2024
HOSPITAL NACIONAL PROFESOR DR. ALEJANDRO POSADAS;VILLA SARMIENTO;MORÓN;2024;2;16/1/2024;8;Enfermedades de transmisión sexual;13;Secreción genital purulenta en varones;7;15 a 19;1;16/1/2024
HOSPITAL NACIONAL PROFESOR DR. ALEJANDRO POSADAS;VILLA SARMIENTO;MORÓN;2024;2;16/1/2024;8;Enfermedades de transmisión sexual;13;Secreción genital purulenta en varones;8;20 a 24;2;16/1/2024
HOSPITAL NACIONAL PROFESOR DR. ALEJANDRO POSADAS;VILLA SARMIENTO;MORÓN;2024;2;16/1/2024;7;Gastroentéricas;11;Diarreas;7;15 a 19;3;16/1/2024
HOSPITAL NACIONAL PROFESOR DR. ALEJANDRO POSADAS;VILLA SARMIENTO;MORÓN;2024;2;16/1/2024;7;Gastroentéricas;11;Diarreas;8;20 a 24;1;16/1/2024
HOSPITAL NACIONAL PROFESOR DR. ALEJANDRO POSADAS;VILLA SARMIENTO;MORÓN;2024;2;16/1/2024;7;Gastroentéricas;11;Diarreas;9;25 a 34;5;16/1/2024
HOSPITAL NACIONAL PROFESOR DR. ALEJANDRO POSADAS;VILLA SARMIENTO;MORÓN;2024;2;16/1/2024;7;Gastroentéricas;11;Diarreas;10;35 a 44;3;16/1/2024
HOSPITAL NACIONAL PROFESOR DR. ALEJANDRO POSADAS;VILLA SARMIENTO;MORÓN;2024;2;16/1/2024;7;Gastroentéricas;11;Diarreas;11;45 a 64;2;16/1/2024
HOSPITAL NACIONAL PROFESOR DR. ALEJANDRO POSADAS;VILLA SARMIENTO;MORÓN;2024;2;16/1/2024;7;Gastroentéricas;11;Diarreas;12;65 a 74;1;16/1/2024
HOSPITAL NACIONAL PROFESOR DR. ALEJANDRO POSADAS;VILLA SARMIENTO;MORÓN;2024;2;16/1/2024;5;Inmunoprevenibles;6;Varicela;7;15 a 19;1;16/1/2024
HOSPITAL NACIONAL PROFESOR DR. ALEJANDRO POSADAS;VILLA SARMIENTO;MORÓN;2024;2;16/1/2024;6;Respiratorias;8;Enfermedad tipo influenza (ETI);7;15 a 19;1;16/1/2024
HOSPITAL NACIONAL PROFESOR DR. ALEJANDRO POSADAS;VILLA SARMIENTO;MORÓN;2024;2;16/1/2024;6;Respiratorias;8;Enfermedad tipo influenza (ETI);8;20 a 24;1;16/1/2024
HOSPITAL NACIONAL PROFESOR DR. ALEJANDRO POSADAS;VILLA SARMIENTO;MORÓN;2024;2;16/1/2024;6;Respiratorias;8;Enfermedad tipo influenza (ETI);9;25 a 34;1;16/1/2024
HOSPITAL NACIONAL PROFESOR DR. ALEJANDRO POSADAS;VILLA SARMIENTO;MORÓN;2024;4;29/1/2024;6;Respiratorias;441;Neumonía en pacientes ambulatorios;10;35 a 44;4;29/1/2024
HOSPITAL NACIONAL PROFESOR DR. ALEJANDRO POSADAS;VILLA SARMIENTO;MORÓN;2024;4;29/1/2024;6;Respiratorias;441;Neumonía en pacientes ambulatorios;11;45 a 64;5;29/1/2024
HOSPITAL NACIONAL PROFESOR DR. ALEJANDRO POSADAS;VILLA SARMIENTO;MORÓN;2024;4;29/1/2024;6;Respiratorias;441;Neumonía en pacientes ambulatorios;12;65 a 74;1;29/1/2024
HOSPITAL INTERZONAL GENERAL AGUDOS DR. LUIS A. GUEMES;HAEDO;MORÓN;2024;1;8/1/2024;6;Respiratorias;8;Enfermedad tipo influenza (ETI);12;65 a 74;1;8/1/2024
HOSPITAL INTERZONAL GENERAL AGUDOS DR. LUIS A. GUEMES;HAEDO;MORÓN;2024;5;7/2/2024;7;Gastroentéricas;11;Diarreas;9;25 a 34;3;7/2/2024
HOSPITAL INTERZONAL GENERAL AGUDOS DR. LUIS A. GUEMES;HAEDO;MORÓN;2024;5;7/2/2024;7;Gastroentéricas;11;Diarreas;10;35 a 44;1;7/2/2024
HOSPITAL INTERZONAL GENERAL AGUDOS DR. LUIS A. GUEMES;HAEDO;MORÓN;2024;5;7/2/2024;6;Respiratorias;8;Enfermedad tipo influenza (ETI);7;15 a 19;2;7/2/2024
HOSPITAL INTERZONAL GENERAL AGUDOS DR. LUIS A. GUEMES;HAEDO;MORÓN;2024;5;7/2/2024;6;Respiratorias;8;Enfermedad tipo influenza (ETI);8;20 a 24;4;7/2/2024
HOSPITAL INTERZONAL GENERAL AGUDOS DR. LUIS A. GUEMES;HAEDO;MORÓN;2024;5;7/2/2024;6;Respiratorias;8;Enfermedad tipo influenza (ETI);9;25 a 34;6;7/2/2024
HOSPITAL INTERZONAL GENERAL AGUDOS DR. LUIS A. GUEMES;HAEDO;MORÓN;2024;5;7/2/2024;6;Respiratorias;8;Enfermedad tipo influenza (ETI);10;35 a 44;1;7/2/2024
HOSPITAL INTERZONAL GENERAL AGUDOS DR. LUIS A. GUEMES;HAEDO;MORÓN;2024;5;7/2/2024;116;Internaciones por lesiones en el hogar;501;Lesiones por caídas y golpes;12;65 a 74;1;7/3/2024
HOSPITAL INTERZONAL GENERAL AGUDOS DR. LUIS A. GUEMES;HAEDO;MORÓN;2024;5;7/2/2024;116;Internaciones por lesiones en el hogar;501;Lesiones por caídas y golpes;13;>= a 75;2;7/3/2024
HOSPITAL INTERZONAL GENERAL AGUDOS DR. LUIS A. GUEMES;HAEDO;MORÓN;2024;5;7/2/2024;116;Internaciones por lesiones en el hogar;501;Lesiones por caídas y golpes;8;20 a 24;1;7/3/2024
HOSPITAL INTERZONAL GENERAL AGUDOS DR. LUIS A. GUEMES;HAEDO;MORÓN;2024;5;7/2/2024;116;Internaciones por lesiones en el hogar;501;Lesiones por caídas y golpes;9;25 a 34;2;7/3/2024
HOSPITAL INTERZONAL GENERAL AGUDOS DR. LUIS A. GUEMES;HAEDO;MORÓN;2024;5;7/2/2024;116;Internaciones por lesiones en el hogar;501;Lesiones por caídas y golpes;11;45 a 64;2;7/3/2024
HOSPITAL INTERZONAL GENERAL AGUDOS DR. LUIS A. GUEMES;HAEDO;MORÓN;2024;5;7/2/2024;116;Internaciones por lesiones en el hogar;501;Lesiones por caídas y golpes;12;65 a 74;1;7/3/2024
HOSPITAL NACIONAL PROFESOR DR. ALEJANDRO POSADAS;VILLA SARMIENTO;MORÓN;2024;4;29/1/2024;7;Gastroentéricas;11;Diarreas;1;< 6 m;4;29/1/2024
HOSPITAL NACIONAL PROFESOR DR. ALEJANDRO POSADAS;VILLA SARMIENTO;MORÓN;2024;4;29/1/2024;7;Gastroentéricas;11;Diarreas;2;6 a 11 m;5;29/1/2024
HOSPITAL NACIONAL PROFESOR DR. ALEJANDRO POSADAS;VILLA SARMIENTO;MORÓN;2024;4;29/1/2024;7;Gastroentéricas;11;Diarreas;3;12 a 23 m;2;29/1/2024
HOSPITAL NACIONAL PROFESOR DR. ALEJANDRO POSADAS;VILLA SARMIENTO;MORÓN;2024;4;29/1/2024;7;Gastroentéricas;11;Diarreas;4;2 a 4;3;29/1/2024
HOSPITAL NACIONAL PROFESOR DR. ALEJANDRO POSADAS;VILLA SARMIENTO;MORÓN;2024;4;29/1/2024;7;Gastroentéricas;11;Diarreas;5;5 a 9;12;29/1/2024
HOSPITAL NACIONAL PROFESOR DR. ALEJANDRO POSADAS;VILLA SARMIENTO;MORÓN;2024;4;29/1/2024;7;Gastroentéricas;11;Diarreas;6;10 a 14;3;29/1/2024
HOSPITAL NACIONAL PROFESOR DR. ALEJANDRO POSADAS;VILLA SARMIENTO;MORÓN;2024;4;29/1/2024;6;Respiratorias;8;Enfermedad tipo influenza (ETI);1;< 6 m;1;29/1/2024
HOSPITAL NACIONAL PROFESOR DR. ALEJANDRO POSADAS;VILLA SARMIENTO;MORÓN;2024;4;29/1/2024;6;Respiratorias;8;Enfermedad tipo influenza (ETI);3;12 a 23 m;2;29/1/2024
HOSPITAL NACIONAL PROFESOR DR. ALEJANDRO POSADAS;VILLA SARMIENTO;MORÓN;2024;4;29/1/2024;6;Respiratorias;8;Enfermedad tipo influenza (ETI);4;2 a 4;4;29/1/2024
HOSPITAL NACIONAL PROFESOR DR. ALEJANDRO POSADAS;VILLA SARMIENTO;MORÓN;2024;4;29/1/2024;6;Respiratorias;8;Enfermedad tipo influenza (ETI);5;5 a 9;4;29/1/2024
HOSPITAL NACIONAL PROFESOR DR. ALEJANDRO POSADAS;VILLA SARMIENTO;MORÓN;2024;4;29/1/2024;6;Respiratorias;8;Enfermedad tipo influenza (ETI);6;10 a 14;1;29/1/2024
HOSPITAL NACIONAL PROFESOR DR. ALEJANDRO POSADAS;VILLA SARMIENTO;MORÓN;2024;4;29/1/2024;6;Respiratorias;441;Neumonía en pacientes ambulatorios;2;6 a 11 m;1;29/1/2024
HOSPITAL INTERZONAL GENERAL AGUDOS DR. LUIS A. GUEMES;HAEDO;MORÓN;2024;9;4/3/2024;7;Gastroentéricas;11;Diarreas;8;20 a 24;2;4/3/2024
HOSPITAL INTERZONAL GENERAL AGUDOS DR. LUIS A. GUEMES;HAEDO;MORÓN;2024;9;4/3/2024;7;Gastroentéricas;11;Diarreas;9;25 a 34;1;4/3/2024
HOSPITAL INTERZONAL GENERAL AGUDOS DR. LUIS A. GUEMES;HAEDO;MORÓN;2024;9;4/3/2024;7;Gastroentéricas;11;Diarreas;12;65 a 74;1;4/3/2024
HOSPITAL INTERZONAL GENERAL AGUDOS DR. LUIS A. GUEMES;HAEDO;MORÓN;2024;9;4/3/2024;6;Respiratorias;8;Enfermedad tipo influenza (ETI);7;15 a 19;4;4/3/2024
HOSPITAL INTERZONAL GENERAL AGUDOS DR. LUIS A. GUEMES;HAEDO;MORÓN;2024;9;4/3/2024;6;Respiratorias;8;Enfermedad tipo influenza (ETI);8;20 a 24;5;4/3/2024
HOSPITAL INTERZONAL GENERAL AGUDOS DR. LUIS A. GUEMES;HAEDO;MORÓN;2024;9;4/3/2024;6;Respiratorias;8;Enfermedad tipo influenza (ETI);9;25 a 34;12;4/3/2024
HOSPITAL INTERZONAL GENERAL AGUDOS DR. LUIS A. GUEMES;HAEDO;MORÓN;2024;9;4/3/2024;6;Respiratorias;8;Enfermedad tipo influenza (ETI);10;35 a 44;7;4/3/2024
HOSPITAL INTERZONAL GENERAL AGUDOS DR. LUIS A. GUEMES;HAEDO;MORÓN;2024;9;4/3/2024;6;Respiratorias;8;Enfermedad tipo influenza (ETI);11;45 a 64;10;4/3/2024
HOSPITAL NACIONAL PROFESOR DR. ALEJANDRO POSADAS;VILLA SARMIENTO;MORÓN;2024;4;29/1/2024;6;Respiratorias;441;Neumonía en pacientes ambulatorios;5;5 a 9;3;29/1/2024
HOSPITAL NACIONAL PROFESOR DR. ALEJANDRO POSADAS;VILLA SARMIENTO;MORÓN;2024;4;29/1/2024;6;Respiratorias;441;Neumonía en pacientes ambulatorios;6;10 a 14;1;29/1/2024
HOSPITAL NACIONAL PROFESOR DR. ALEJANDRO POSADAS;VILLA SARMIENTO;MORÓN;2024;4;29/1/2024;6;Respiratorias;443;Bronquiolitis en menores de 2 años ambulatorios;2;6 a 11 m;1;29/1/2024
HOSPITAL NACIONAL PROFESOR DR. ALEJANDRO POSADAS;VILLA SARMIENTO;MORÓN;2024;4;29/1/2024;6;Respiratorias;443;Bronquiolitis en menores de 2 años ambulatorios;3;12 a 23 m;2;29/1/2024
HOSPITAL INTERZONAL GENERAL AGUDOS DR. LUIS A. GUEMES;HAEDO;MORÓN;2024;9;4/3/2024;6;Respiratorias;8;Enfermedad tipo influenza (ETI);12;65 a 74;1;4/3/2024
HOSPITAL INTERZONAL GENERAL AGUDOS DR. LUIS A. GUEMES;HAEDO;MORÓN;2024;9;4/3/2024;6;Respiratorias;8;Enfermedad tipo influenza (ETI);13;>= a 75;1;4/3/2024
HOSPITAL INTERZONAL GENERAL AGUDOS DR. LUIS A. GUEMES;HAEDO;MORÓN;2024;9;4/3/2024;6;Respiratorias;8;Enfermedad tipo influenza (ETI);17;Edad Sin Esp.;2;4/3/2024
HOSPITAL INTERZONAL GENERAL AGUDOS DR. LUIS A. GUEMES;HAEDO;MORÓN;2024;9;4/3/2024;6;Respiratorias;10;Neumonía (sin especificar);9;25 a 34;2;4/3/2024
HOSPITAL INTERZONAL GENERAL AGUDOS DR. LUIS A. GUEMES;HAEDO;MORÓN;2024;9;4/3/2024;6;Respiratorias;10;Neumonía (sin especificar);10;35 a 44;2;4/3/2024
HOSPITAL INTERZONAL GENERAL AGUDOS DR. LUIS A. GUEMES;HAEDO;MORÓN;2024;9;4/3/2024;6;Respiratorias;10;Neumonía (sin especificar);11;45 a 64;2;4/3/2024
HOSPITAL INTERZONAL GENERAL AGUDOS DR. LUIS A. GUEMES;HAEDO;MORÓN;2024;9;4/3/2024;6;Respiratorias;10;Neumonía (sin especificar);13;>= a 75;1;4/3/2024
HOSPITAL INTERZONAL GENERAL AGUDOS DR. LUIS A. GUEMES;HAEDO;MORÓN;2024;9;4/3/2024;6;Respiratorias;10;Neumonía (sin especificar);17;Edad Sin Esp.;1;4/3/2024
HOSPITAL INTERZONAL GENERAL AGUDOS DR. LUIS A. GUEMES;HAEDO;MORÓN;2024;9;4/3/2024;116;Internaciones por lesiones en el hogar;501;Lesiones por caídas y golpes;8;20 a 24;3;4/3/2024
HOSPITAL INTERZONAL GENERAL AGUDOS DR. LUIS A. GUEMES;HAEDO;MORÓN;2024;9;4/3/2024;116;Internaciones por lesiones en el hogar;501;Lesiones por caídas y golpes;9;25 a 34;2;4/3/2024
HOSPITAL INTERZONAL GENERAL AGUDOS DR. LUIS A. GUEMES;HAEDO;MORÓN;2024;9;4/3/2024;116;Internaciones por lesiones en el hogar;501;Lesiones por caídas y golpes;10;35 a 44;6;4/3/2024
HOSPITAL INTERZONAL GENERAL AGUDOS DR. LUIS A. GUEMES;HAEDO;MORÓN;2024;9;4/3/2024;116;Internaciones por lesiones en el hogar;501;Lesiones por caídas y golpes;11;45 a 64;6;4/3/2024
HOSPITAL INTERZONAL GENERAL AGUDOS DR. LUIS A. GUEMES;HAEDO;MORÓN;2024;9;4/3/2024;116;Internaciones por lesiones en el hogar;501;Lesiones por caídas y golpes;12;65 a 74;7;4/3/2024
HOSPITAL INTERZONAL GENERAL AGUDOS DR. LUIS A. GUEMES;HAEDO;MORÓN;2024;9;4/3/2024;116;Internaciones por lesiones en el hogar;501;Lesiones por caídas y golpes;7;15 a 19;3;4/3/2024
HOSPITAL INTERZONAL GENERAL AGUDOS DR. LUIS A. GUEMES;HAEDO;MORÓN;2024;9;4/3/2024;116;Internaciones por lesiones en el hogar;501;Lesiones por caídas y golpes;8;20 a 24;4;4/3/2024
HOSPITAL INTERZONAL GENERAL AGUDOS DR. LUIS A. GUEMES;HAEDO;MORÓN;2024;9;4/3/2024;116;Internaciones por lesiones en el hogar;501;Lesiones por caídas y golpes;9;25 a 34;7;4/3/2024
HOSPITAL INTERZONAL GENERAL AGUDOS DR. LUIS A. GUEMES;HAEDO;MORÓN;2024;9;4/3/2024;116;Internaciones por lesiones en el hogar;501;Lesiones por caídas y golpes;10;35 a 44;8;4/3/2024
HOSPITAL INTERZONAL GENERAL AGUDOS DR. LUIS A. GUEMES;HAEDO;MORÓN;2024;9;4/3/2024;116;Internaciones por lesiones en el hogar;501;Lesiones por caídas y golpes;11;45 a 64;10;4/3/2024
HOSPITAL INTERZONAL GENERAL AGUDOS DR. LUIS A. GUEMES;HAEDO;MORÓN;2024;9;4/3/2024;116;Internaciones por lesiones en el hogar;501;Lesiones por caídas y golpes;12;65 a 74;1;4/3/2024
HOSPITAL INTERZONAL GENERAL AGUDOS DR. LUIS A. GUEMES;HAEDO;MORÓN;2024;9;4/3/2024;116;Internaciones por lesiones en el hogar;505;Lesiones por cortes y quemaduras;7;15 a 19;1;4/3/2024
HOSPITAL INTERZONAL GENERAL AGUDOS DR. LUIS A. GUEMES;HAEDO;MORÓN;2024;9;4/3/2024;116;Internaciones por lesiones en el hogar;505;Lesiones por cortes y quemaduras;9;25 a 34;1;4/3/2024
HOSPITAL INTERZONAL GENERAL AGUDOS DR. LUIS A. GUEMES;HAEDO;MORÓN;2024;9;4/3/2024;116;Internaciones por lesiones en el hogar;505;Lesiones por cortes y quemaduras;10;35 a 44;1;4/3/2024
HOSPITAL INTERZONAL GENERAL AGUDOS DR. LUIS A. GUEMES;HAEDO;MORÓN;2024;9;4/3/2024;116;Internaciones por lesiones en el hogar;505;Lesiones por cortes y quemaduras;7;15 a 19;1;4/3/2024
HOSPITAL INTERZONAL GENERAL AGUDOS DR. LUIS A. GUEMES;HAEDO;MORÓN;2024;9;4/3/2024;116;Internaciones por lesiones en el hogar;505;Lesiones por cortes y quemaduras;8;20 a 24;1;4/3/2024
HOSPITAL INTERZONAL GENERAL AGUDOS DR. LUIS A. GUEMES;HAEDO;MORÓN;2024;7;20/2/2024;116;Internaciones por lesiones en el hogar;501;Lesiones por caídas y golpes;8;20 a 24;1;18/3/2024
HOSPITAL INTERZONAL GENERAL AGUDOS DR. LUIS A. GUEMES;HAEDO;MORÓN;2024;7;20/2/2024;116;Internaciones por lesiones en el hogar;501;Lesiones por caídas y golpes;9;25 a 34;1;18/3/2024
HOSPITAL INTERZONAL GENERAL AGUDOS DR. LUIS A. GUEMES;HAEDO;MORÓN;2024;7;20/2/2024;116;Internaciones por lesiones en el hogar;501;Lesiones por caídas y golpes;12;65 a 74;1;18/3/2024
HOSPITAL INTERZONAL GENERAL AGUDOS DR. LUIS A. GUEMES;HAEDO;MORÓN;2024;7;20/2/2024;116;Internaciones por lesiones en el hogar;501;Lesiones por caídas y golpes;13;>= a 75;1;18/3/2024
HOSPITAL INTERZONAL GENERAL AGUDOS DR. LUIS A. GUEMES;HAEDO;MORÓN;2024;7;20/2/2024;116;Internaciones por lesiones en el hogar;501;Lesiones por caídas y golpes;7;15 a 19;1;18/3/2024
HOSPITAL INTERZONAL GENERAL AGUDOS DR. LUIS A. GUEMES;HAEDO;MORÓN;2024;7;20/2/2024;116;Internaciones por lesiones en el hogar;501;Lesiones por caídas y golpes;8;20 a 24;1;18/3/2024
HOSPITAL INTERZONAL GENERAL AGUDOS DR. LUIS A. GUEMES;HAEDO;MORÓN;2024;7;20/2/2024;116;Internaciones por lesiones en el hogar;501;Lesiones por caídas y golpes;9;25 a 34;4;18/3/2024
HOSPITAL INTERZONAL GENERAL AGUDOS DR. LUIS A. GUEMES;HAEDO;MORÓN;2024;7;20/2/2024;116;Internaciones por lesiones en el hogar;501;Lesiones por caídas y golpes;10;35 a 44;1;18/3/2024
HOSPITAL INTERZONAL GENERAL AGUDOS DR. LUIS A. GUEMES;HAEDO;MORÓN;2024;7;20/2/2024;116;Internaciones por lesiones en el hogar;501;Lesiones por caídas y golpes;12;65 a 74;1;18/3/2024
HOSPITAL INTERZONAL GENERAL AGUDOS DR. LUIS A. GUEMES;HAEDO;MORÓN;2024;7;20/2/2024;116;Internaciones por lesiones en el hogar;505;Lesiones por cortes y quemaduras;12;65 a 74;1;18/3/2024
HOSPITAL INTERZONAL GENERAL AGUDOS DR. LUIS A. GUEMES;HAEDO;MORÓN;2024;9;4/3/2024;116;Internaciones por lesiones en el hogar;505;Lesiones por cortes y quemaduras;9;25 a 34;3;4/3/2024
HOSPITAL INTERZONAL GENERAL AGUDOS DR. LUIS A. GUEMES;HAEDO;MORÓN;2024;9;4/3/2024;116;Internaciones por lesiones en el hogar;505;Lesiones por cortes y quemaduras;10;35 a 44;1;4/3/2024
HOSPITAL INTERZONAL GENERAL AGUDOS DR. LUIS A. GUEMES;HAEDO;MORÓN;2024;9;4/3/2024;115;Internaciones por siniestros viales;496;Peatón;9;25 a 34;1;4/3/2024
HOSPITAL INTERZONAL GENERAL AGUDOS DR. LUIS A. GUEMES;HAEDO;MORÓN;2024;9;4/3/2024;115;Internaciones por siniestros viales;496;Peatón;9;25 a 34;2;4/3/2024
HOSPITAL INTERZONAL GENERAL AGUDOS DR. LUIS A. GUEMES;HAEDO;MORÓN;2024;9;4/3/2024;115;Internaciones por siniestros viales;496;Peatón;13;>= a 75;1;4/3/2024
HOSPITAL INTERZONAL GENERAL AGUDOS DR. LUIS A. GUEMES;HAEDO;MORÓN;2024;10;11/3/2024;116;Internaciones por lesiones en el hogar;501;Lesiones por caídas y golpes;8;20 a 24;1;14/3/2024
HOSPITAL INTERZONAL GENERAL AGUDOS DR. LUIS A. GUEMES;HAEDO;MORÓN;2024;10;11/3/2024;116;Internaciones por lesiones en el hogar;501;Lesiones por caídas y golpes;9;25 a 34;2;14/3/2024
HOSPITAL INTERZONAL GENERAL AGUDOS DR. LUIS A. GUEMES;HAEDO;MORÓN;2024;10;11/3/2024;116;Internaciones por lesiones en el hogar;501;Lesiones por caídas y golpes;11;45 a 64;7;14/3/2024
HOSPITAL INTERZONAL GENERAL AGUDOS DR. LUIS A. GUEMES;HAEDO;MORÓN;2024;10;11/3/2024;116;Internaciones por lesiones en el hogar;501;Lesiones por caídas y golpes;12;65 a 74;1;14/3/2024
HOSPITAL INTERZONAL GENERAL AGUDOS DR. LUIS A. GUEMES;HAEDO;MORÓN;2024;10;11/3/2024;116;Internaciones por lesiones en el hogar;501;Lesiones por caídas y golpes;7;15 a 19;2;14/3/2024
HOSPITAL INTERZONAL GENERAL AGUDOS DR. LUIS A. GUEMES;HAEDO;MORÓN;2024;10;11/3/2024;116;Internaciones por lesiones en el hogar;501;Lesiones por caídas y golpes;8;20 a 24;4;14/3/2024
HOSPITAL INTERZONAL GENERAL AGUDOS DR. LUIS A. GUEMES;HAEDO;MORÓN;2024;10;11/3/2024;116;Internaciones por lesiones en el hogar;501;Lesiones por caídas y golpes;9;25 a 34;4;14/3/2024
HOSPITAL INTERZONAL GENERAL AGUDOS DR. LUIS A. GUEMES;HAEDO;MORÓN;2024;10;11/3/2024;116;Internaciones por lesiones en el hogar;501;Lesiones por caídas y golpes;10;35 a 44;2;14/3/2024
HOSPITAL INTERZONAL GENERAL AGUDOS DR. LUIS A. GUEMES;HAEDO;MORÓN;2024;10;11/3/2024;116;Internaciones por lesiones en el hogar;501;Lesiones por caídas y golpes;11;45 a 64;3;14/3/2024
HOSPITAL INTERZONAL GENERAL AGUDOS DR. LUIS A. GUEMES;HAEDO;MORÓN;2024;10;11/3/2024;116;Internaciones por lesiones en el hogar;501;Lesiones por caídas y golpes;12;65 a 74;1;14/3/2024
HOSPITAL INTERZONAL GENERAL AGUDOS DR. LUIS A. GUEMES;HAEDO;MORÓN;2024;10;11/3/2024;116;Internaciones por lesiones en el hogar;511;Otras lesiones en el hogar;11;45 a 64;2;14/3/2024
HOSPITAL INTERZONAL GENERAL AGUDOS DR. LUIS A. GUEMES;HAEDO;MORÓN;2024;10;11/3/2024;116;Internaciones por lesiones en el hogar;511;Otras lesiones en el hogar;12;65 a 74;2;14/3/2024
HOSPITAL INTERZONAL GENERAL AGUDOS DR. LUIS A. GUEMES;HAEDO;MORÓN;2024;10;11/3/2024;116;Internaciones por lesiones en el hogar;505;Lesiones por cortes y quemaduras;10;35 a 44;1;14/3/2024
HOSPITAL INTERZONAL GENERAL AGUDOS DR. LUIS A. GUEMES;HAEDO;MORÓN;2024;10;11/3/2024;116;Internaciones por lesiones en el hogar;505;Lesiones por cortes y quemaduras;11;45 a 64;2;14/3/2024
HOSPITAL INTERZONAL GENERAL AGUDOS DR. LUIS A. GUEMES;HAEDO;MORÓN;2024;10;11/3/2024;116;Internaciones por lesiones en el hogar;505;Lesiones por cortes y quemaduras;7;15 a 19;1;14/3/2024
HOSPITAL INTERZONAL GENERAL AGUDOS DR. LUIS A. GUEMES;HAEDO;MORÓN;2024;10;11/3/2024;116;Internaciones por lesiones en el hogar;505;Lesiones por cortes y quemaduras;8;20 a 24;1;14/3/2024
HOSPITAL INTERZONAL GENERAL AGUDOS DR. LUIS A. GUEMES;HAEDO;MORÓN;2024;10;11/3/2024;116;Internaciones por lesiones en el hogar;505;Lesiones por cortes y quemaduras;9;25 a 34;2;14/3/2024
HOSPITAL INTERZONAL GENERAL AGUDOS DR. LUIS A. GUEMES;HAEDO;MORÓN;2024;10;11/3/2024;116;Internaciones por lesiones en el hogar;505;Lesiones por cortes y quemaduras;10;35 a 44;3;14/3/2024
HOSPITAL INTERZONAL GENERAL AGUDOS DR. LUIS A. GUEMES;HAEDO;MORÓN;2024;10;11/3/2024;116;Internaciones por lesiones en el hogar;505;Lesiones por cortes y quemaduras;11;45 a 64;1;14/3/2024
HOSPITAL INTERZONAL GENERAL AGUDOS DR. LUIS A. GUEMES;HAEDO;MORÓN;2024;10;11/3/2024;115;Internaciones por siniestros viales;496;Peatón;12;65 a 74;1;14/3/2024
HOSPITAL INTERZONAL GENERAL AGUDOS DR. LUIS A. GUEMES;HAEDO;MORÓN;2024;10;11/3/2024;115;Internaciones por siniestros viales;496;Peatón;9;25 a 34;1;14/3/2024
HOSPITAL INTERZONAL GENERAL AGUDOS DR. LUIS A. GUEMES;HAEDO;MORÓN;2024;10;11/3/2024;115;Internaciones por siniestros viales;497;Ciclista;11;45 a 64;1;14/3/2024
HOSPITAL INTERZONAL GENERAL AGUDOS DR. LUIS A. GUEMES;HAEDO;MORÓN;2024;10;11/3/2024;115;Internaciones por siniestros viales;498;Conductor o pasajero de automovil;7;15 a 19;1;14/3/2024
HOSPITAL INTERZONAL GENERAL AGUDOS DR. LUIS A. GUEMES;HAEDO;MORÓN;2024;10;11/3/2024;115;Internaciones por siniestros viales;498;Conductor o pasajero de automovil;9;25 a 34;1;14/3/2024
HOSPITAL INTERZONAL GENERAL AGUDOS DR. LUIS A. GUEMES;HAEDO;MORÓN;2024;4;29/1/2024;6;Respiratorias;8;Enfermedad tipo influenza (ETI);8;20 a 24;4;29/1/2024
HOSPITAL INTERZONAL GENERAL AGUDOS DR. LUIS A. GUEMES;HAEDO;MORÓN;2024;4;29/1/2024;6;Respiratorias;8;Enfermedad tipo influenza (ETI);9;25 a 34;3;29/1/2024
HOSPITAL INTERZONAL GENERAL AGUDOS DR. LUIS A. GUEMES;HAEDO;MORÓN;2024;4;29/1/2024;6;Respiratorias;8;Enfermedad tipo influenza (ETI);10;35 a 44;2;29/1/2024
HOSPITAL INTERZONAL GENERAL AGUDOS DR. LUIS A. GUEMES;HAEDO;MORÓN;2024;4;29/1/2024;6;Respiratorias;8;Enfermedad tipo influenza (ETI);11;45 a 64;8;29/1/2024
HOSPITAL INTERZONAL GENERAL AGUDOS DR. LUIS A. GUEMES;HAEDO;MORÓN;2024;4;29/1/2024;6;Respiratorias;8;Enfermedad tipo influenza (ETI);12;65 a 74;1;29/1/2024
HOSPITAL INTERZONAL GENERAL AGUDOS DR. LUIS A. GUEMES;HAEDO;MORÓN;2024;4;29/1/2024;6;Respiratorias;8;Enfermedad tipo influenza (ETI);13;>= a 75;1;29/1/2024
HOSPITAL NACIONAL PROFESOR DR. ALEJANDRO POSADAS;VILLA SARMIENTO;MORÓN;2024;4;29/1/2024;7;Gastroentéricas;11;Diarreas;7;15 a 19;2;29/1/2024
HOSPITAL NACIONAL PROFESOR DR. ALEJANDRO POSADAS;VILLA SARMIENTO;MORÓN;2024;4;29/1/2024;7;Gastroentéricas;11;Diarreas;8;20 a 24;2;29/1/2024
HOSPITAL NACIONAL PROFESOR DR. ALEJANDRO POSADAS;VILLA SARMIENTO;MORÓN;2024;4;29/1/2024;7;Gastroentéricas;11;Diarreas;9;25 a 34;5;29/1/2024
HOSPITAL NACIONAL PROFESOR DR. ALEJANDRO POSADAS;VILLA SARMIENTO;MORÓN;2024;4;29/1/2024;7;Gastroentéricas;11;Diarreas;10;35 a 44;5;29/1/2024
HOSPITAL INTERZONAL GENERAL AGUDOS DR. LUIS A. GUEMES;HAEDO;MORÓN;2024;4;29/1/2024;6;Respiratorias;8;Enfermedad tipo influenza (ETI);17;Edad Sin Esp.;2;29/1/2024
HOSPITAL NACIONAL PROFESOR DR. ALEJANDRO POSADAS;VILLA SARMIENTO;MORÓN;2024;4;29/1/2024;7;Gastroentéricas;11;Diarreas;11;45 a 64;7;29/1/2024
HOSPITAL NACIONAL PROFESOR DR. ALEJANDRO POSADAS;VILLA SARMIENTO;MORÓN;2024;4;29/1/2024;7;Gastroentéricas;11;Diarreas;12;65 a 74;1;29/1/2024
HOSPITAL NACIONAL PROFESOR DR. ALEJANDRO POSADAS;VILLA SARMIENTO;MORÓN;2024;4;29/1/2024;7;Gastroentéricas;11;Diarreas;13;>= a 75;1;29/1/2024
HOSPITAL NACIONAL PROFESOR DR. ALEJANDRO POSADAS;VILLA SARMIENTO;MORÓN;2024;4;29/1/2024;6;Respiratorias;8;Enfermedad tipo influenza (ETI);8;20 a 24;3;29/1/2024
HOSPITAL NACIONAL PROFESOR DR. ALEJANDRO POSADAS;VILLA SARMIENTO;MORÓN;2024;4;29/1/2024;6;Respiratorias;8;Enfermedad tipo influenza (ETI);9;25 a 34;2;29/1/2024
HOSPITAL NACIONAL PROFESOR DR. ALEJANDRO POSADAS;VILLA SARMIENTO;MORÓN;2024;4;29/1/2024;6;Respiratorias;8;Enfermedad tipo influenza (ETI);10;35 a 44;6;29/1/2024
HOSPITAL NACIONAL PROFESOR DR. ALEJANDRO POSADAS;VILLA SARMIENTO;MORÓN;2024;4;29/1/2024;6;Respiratorias;8;Enfermedad tipo influenza (ETI);11;45 a 64;3;29/1/2024
HOSPITAL NACIONAL PROFESOR DR. ALEJANDRO POSADAS;VILLA SARMIENTO;MORÓN;2024;4;29/1/2024;6;Respiratorias;8;Enfermedad tipo influenza (ETI);12;65 a 74;1;29/1/2024
HOSPITAL NACIONAL PROFESOR DR. ALEJANDRO POSADAS;VILLA SARMIENTO;MORÓN;2024;4;29/1/2024;6;Respiratorias;8;Enfermedad tipo influenza (ETI);13;>= a 75;2;29/1/2024
HOSPITAL NACIONAL PROFESOR DR. ALEJANDRO POSADAS;VILLA SARMIENTO;MORÓN;2024;4;29/1/2024;6;Respiratorias;441;Neumonía en pacientes ambulatorios;9;25 a 34;1;29/1/2024
HOSPITAL INTERZONAL GENERAL AGUDOS DR. LUIS A. GUEMES;HAEDO;MORÓN;2024;1;8/1/2024;116;Internaciones por lesiones en el hogar;501;Lesiones por caídas y golpes;9;25 a 34;1;7/3/2024
HOSPITAL INTERZONAL GENERAL AGUDOS DR. LUIS A. GUEMES;HAEDO;MORÓN;2024;1;8/1/2024;116;Internaciones por lesiones en el hogar;501;Lesiones por caídas y golpes;11;45 a 64;1;7/3/2024
HOSPITAL INTERZONAL GENERAL AGUDOS DR. LUIS A. GUEMES;HAEDO;MORÓN;2024;1;8/1/2024;116;Internaciones por lesiones en el hogar;501;Lesiones por caídas y golpes;13;>= a 75;1;7/3/2024
HOSPITAL INTERZONAL GENERAL AGUDOS DR. LUIS A. GUEMES;HAEDO;MORÓN;2024;1;8/1/2024;116;Internaciones por lesiones en el hogar;501;Lesiones por caídas y golpes;9;25 a 34;2;7/3/2024
HOSPITAL INTERZONAL GENERAL AGUDOS DR. LUIS A. GUEMES;HAEDO;MORÓN;2024;1;8/1/2024;116;Internaciones por lesiones en el hogar;501;Lesiones por caídas y golpes;10;35 a 44;2;7/3/2024
HOSPITAL INTERZONAL GENERAL AGUDOS DR. LUIS A. GUEMES;HAEDO;MORÓN;2024;1;8/1/2024;116;Internaciones por lesiones en el hogar;501;Lesiones por caídas y golpes;11;45 a 64;2;7/3/2024
HOSPITAL INTERZONAL GENERAL AGUDOS DR. LUIS A. GUEMES;HAEDO;MORÓN;2024;1;8/1/2024;116;Internaciones por lesiones en el hogar;505;Lesiones por cortes y quemaduras;9;25 a 34;1;7/3/2024
HOSPITAL INTERZONAL GENERAL AGUDOS DR. LUIS A. GUEMES;HAEDO;MORÓN;2024;1;8/1/2024;116;Internaciones por lesiones en el hogar;505;Lesiones por cortes y quemaduras;10;35 a 44;1;7/3/2024
HOSPITAL INTERZONAL GENERAL AGUDOS DR. LUIS A. GUEMES;HAEDO;MORÓN;2024;2;15/1/2024;116;Internaciones por lesiones en el hogar;501;Lesiones por caídas y golpes;7;15 a 19;1;7/3/2024
HOSPITAL INTERZONAL GENERAL AGUDOS DR. LUIS A. GUEMES;HAEDO;MORÓN;2024;2;15/1/2024;116;Internaciones por lesiones en el hogar;501;Lesiones por caídas y golpes;10;35 a 44;1;7/3/2024
HOSPITAL INTERZONAL GENERAL AGUDOS DR. LUIS A. GUEMES;HAEDO;MORÓN;2024;2;15/1/2024;116;Internaciones por lesiones en el hogar;501;Lesiones por caídas y golpes;11;45 a 64;1;7/3/2024
HOSPITAL INTERZONAL GENERAL AGUDOS DR. LUIS A. GUEMES;HAEDO;MORÓN;2024;2;15/1/2024;116;Internaciones por lesiones en el hogar;501;Lesiones por caídas y golpes;8;20 a 24;2;7/3/2024
HOSPITAL INTERZONAL GENERAL AGUDOS DR. LUIS A. GUEMES;HAEDO;MORÓN;2024;2;15/1/2024;116;Internaciones por lesiones en el hogar;501;Lesiones por caídas y golpes;9;25 a 34;2;7/3/2024
HOSPITAL INTERZONAL GENERAL AGUDOS DR. LUIS A. GUEMES;HAEDO;MORÓN;2024;2;15/1/2024;116;Internaciones por lesiones en el hogar;501;Lesiones por caídas y golpes;10;35 a 44;3;7/3/2024
HOSPITAL INTERZONAL GENERAL AGUDOS DR. LUIS A. GUEMES;HAEDO;MORÓN;2024;2;15/1/2024;116;Internaciones por lesiones en el hogar;501;Lesiones por caídas y golpes;11;45 a 64;4;7/3/2024
HOSPITAL INTERZONAL GENERAL AGUDOS DR. LUIS A. GUEMES;HAEDO;MORÓN;2024;2;15/1/2024;116;Internaciones por lesiones en el hogar;505;Lesiones por cortes y quemaduras;11;45 a 64;1;7/3/2024
HOSPITAL INTERZONAL GENERAL AGUDOS DR. LUIS A. GUEMES;HAEDO;MORÓN;2024;2;15/1/2024;116;Internaciones por lesiones en el hogar;505;Lesiones por cortes y quemaduras;8;20 a 24;1;7/3/2024
HOSPITAL NACIONAL PROFESOR DR. ALEJANDRO POSADAS;VILLA SARMIENTO;MORÓN;2024;5;5/2/2024;7;Gastroentéricas;11;Diarreas;7;15 a 19;1;6/2/2024
HOSPITAL INTERZONAL GENERAL AGUDOS DR. LUIS A. GUEMES;HAEDO;MORÓN;2024;8;26/2/2024;116;Internaciones por lesiones en el hogar;501;Lesiones por caídas y golpes;9;25 a 34;1;18/3/2024
HOSPITAL INTERZONAL GENERAL AGUDOS DR. LUIS A. GUEMES;HAEDO;MORÓN;2024;8;26/2/2024;116;Internaciones por lesiones en el hogar;501;Lesiones por caídas y golpes;11;45 a 64;1;18/3/2024
HOSPITAL INTERZONAL GENERAL AGUDOS DR. LUIS A. GUEMES;HAEDO;MORÓN;2024;8;26/2/2024;116;Internaciones por lesiones en el hogar;501;Lesiones por caídas y golpes;13;>= a 75;1;18/3/2024
HOSPITAL NACIONAL PROFESOR DR. ALEJANDRO POSADAS;VILLA SARMIENTO;MORÓN;2024;5;5/2/2024;7;Gastroentéricas;11;Diarreas;9;25 a 34;5;6/2/2024
HOSPITAL NACIONAL PROFESOR DR. ALEJANDRO POSADAS;VILLA SARMIENTO;MORÓN;2024;5;5/2/2024;7;Gastroentéricas;11;Diarreas;11;45 a 64;2;6/2/2024
HOSPITAL NACIONAL PROFESOR DR. ALEJANDRO POSADAS;VILLA SARMIENTO;MORÓN;2024;5;5/2/2024;7;Gastroentéricas;11;Diarreas;12;65 a 74;1;6/2/2024
HOSPITAL NACIONAL PROFESOR DR. ALEJANDRO POSADAS;VILLA SARMIENTO;MORÓN;2024;5;5/2/2024;7;Gastroentéricas;11;Diarreas;13;>= a 75;1;6/2/2024
HOSPITAL NACIONAL PROFESOR DR. ALEJANDRO POSADAS;VILLA SARMIENTO;MORÓN;2024;5;5/2/2024;5;Inmunoprevenibles;6;Varicela;11;45 a 64;1;6/2/2024
HOSPITAL NACIONAL PROFESOR DR. ALEJANDRO POSADAS;VILLA SARMIENTO;MORÓN;2024;5;5/2/2024;6;Respiratorias;8;Enfermedad tipo influenza (ETI);9;25 a 34;2;6/2/2024
HOSPITAL NACIONAL PROFESOR DR. ALEJANDRO POSADAS;VILLA SARMIENTO;MORÓN;2024;5;5/2/2024;6;Respiratorias;8;Enfermedad tipo influenza (ETI);10;35 a 44;5;6/2/2024
HOSPITAL NACIONAL PROFESOR DR. ALEJANDRO POSADAS;VILLA SARMIENTO;MORÓN;2024;5;5/2/2024;6;Respiratorias;8;Enfermedad tipo influenza (ETI);11;45 a 64;9;6/2/2024
HOSPITAL NACIONAL PROFESOR DR. ALEJANDRO POSADAS;VILLA SARMIENTO;MORÓN;2024;5;5/2/2024;6;Respiratorias;441;Neumonía en pacientes ambulatorios;8;20 a 24;2;6/2/2024
HOSPITAL NACIONAL PROFESOR DR. ALEJANDRO POSADAS;VILLA SARMIENTO;MORÓN;2024;5;5/2/2024;6;Respiratorias;441;Neumonía en pacientes ambulatorios;9;25 a 34;1;6/2/2024
HOSPITAL NACIONAL PROFESOR DR. ALEJANDRO POSADAS;VILLA SARMIENTO;MORÓN;2024;5;5/2/2024;6;Respiratorias;441;Neumonía en pacientes ambulatorios;11;45 a 64;2;6/2/2024
HOSPITAL NACIONAL PROFESOR DR. ALEJANDRO POSADAS;VILLA SARMIENTO;MORÓN;2024;5;5/2/2024;6;Respiratorias;441;Neumonía en pacientes ambulatorios;12;65 a 74;1;6/2/2024
HOSPITAL NACIONAL PROFESOR DR. ALEJANDRO POSADAS;VILLA SARMIENTO;MORÓN;2024;9;4/3/2024;7;Gastroentéricas;11;Diarreas;1;< 6 m;3;7/3/2024
HOSPITAL NACIONAL PROFESOR DR. ALEJANDRO POSADAS;VILLA SARMIENTO;MORÓN;2024;9;4/3/2024;7;Gastroentéricas;11;Diarreas;2;6 a 11 m;3;7/3/2024
HOSPITAL NACIONAL PROFESOR DR. ALEJANDRO POSADAS;VILLA SARMIENTO;MORÓN;2024;9;4/3/2024;7;Gastroentéricas;11;Diarreas;3;12 a 23 m;6;7/3/2024
HOSPITAL NACIONAL PROFESOR DR. ALEJANDRO POSADAS;VILLA SARMIENTO;MORÓN;2024;9;4/3/2024;7;Gastroentéricas;11;Diarreas;4;2 a 4;4;7/3/2024
HOSPITAL NACIONAL PROFESOR DR. ALEJANDRO POSADAS;VILLA SARMIENTO;MORÓN;2024;9;4/3/2024;7;Gastroentéricas;11;Diarreas;5;5 a 9;9;7/3/2024
HOSPITAL NACIONAL PROFESOR DR. ALEJANDRO POSADAS;VILLA SARMIENTO;MORÓN;2024;9;4/3/2024;7;Gastroentéricas;11;Diarreas;6;10 a 14;8;7/3/2024
HOSPITAL NACIONAL PROFESOR DR. ALEJANDRO POSADAS;VILLA SARMIENTO;MORÓN;2024;9;4/3/2024;6;Respiratorias;8;Enfermedad tipo influenza (ETI);1;< 6 m;1;7/3/2024
HOSPITAL NACIONAL PROFESOR DR. ALEJANDRO POSADAS;VILLA SARMIENTO;MORÓN;2024;9;4/3/2024;6;Respiratorias;8;Enfermedad tipo influenza (ETI);2;6 a 11 m;3;7/3/2024
HOSPITAL NACIONAL PROFESOR DR. ALEJANDRO POSADAS;VILLA SARMIENTO;MORÓN;2024;9;4/3/2024;6;Respiratorias;8;Enfermedad tipo influenza (ETI);3;12 a 23 m;2;7/3/2024
HOSPITAL NACIONAL PROFESOR DR. ALEJANDRO POSADAS;VILLA SARMIENTO;MORÓN;2024;9;4/3/2024;6;Respiratorias;8;Enfermedad tipo influenza (ETI);4;2 a 4;7;7/3/2024
HOSPITAL NACIONAL PROFESOR DR. ALEJANDRO POSADAS;VILLA SARMIENTO;MORÓN;2024;9;4/3/2024;6;Respiratorias;8;Enfermedad tipo influenza (ETI);5;5 a 9;7;7/3/2024
HOSPITAL NACIONAL PROFESOR DR. ALEJANDRO POSADAS;VILLA SARMIENTO;MORÓN;2024;9;4/3/2024;6;Respiratorias;8;Enfermedad tipo influenza (ETI);6;10 a 14;5;7/3/2024
HOSPITAL NACIONAL PROFESOR DR. ALEJANDRO POSADAS;VILLA SARMIENTO;MORÓN;2024;9;4/3/2024;6;Respiratorias;441;Neumonía en pacientes ambulatorios;2;6 a 11 m;1;7/3/2024
HOSPITAL NACIONAL PROFESOR DR. ALEJANDRO POSADAS;VILLA SARMIENTO;MORÓN;2024;9;4/3/2024;6;Respiratorias;441;Neumonía en pacientes ambulatorios;3;12 a 23 m;1;7/3/2024
HOSPITAL NACIONAL PROFESOR DR. ALEJANDRO POSADAS;VILLA SARMIENTO;MORÓN;2024;9;4/3/2024;6;Respiratorias;441;Neumonía en pacientes ambulatorios;5;5 a 9;1;7/3/2024
HOSPITAL NACIONAL PROFESOR DR. ALEJANDRO POSADAS;VILLA SARMIENTO;MORÓN;2024;9;4/3/2024;6;Respiratorias;441;Neumonía en pacientes ambulatorios;6;10 a 14;1;7/3/2024
HOSPITAL NACIONAL PROFESOR DR. ALEJANDRO POSADAS;VILLA SARMIENTO;MORÓN;2024;9;4/3/2024;6;Respiratorias;443;Bronquiolitis en menores de 2 años ambulatorios;2;6 a 11 m;1;7/3/2024
HOSPITAL NACIONAL PROFESOR DR. ALEJANDRO POSADAS;VILLA SARMIENTO;MORÓN;2024;10;11/3/2024;7;Gastroentéricas;11;Diarreas;1;< 6 m;3;19/3/2024
HOSPITAL NACIONAL PROFESOR DR. ALEJANDRO POSADAS;VILLA SARMIENTO;MORÓN;2024;10;11/3/2024;7;Gastroentéricas;11;Diarreas;2;6 a 11 m;2;19/3/2024
HOSPITAL NACIONAL PROFESOR DR. ALEJANDRO POSADAS;VILLA SARMIENTO;MORÓN;2024;10;11/3/2024;7;Gastroentéricas;11;Diarreas;3;12 a 23 m;3;19/3/2024
HOSPITAL NACIONAL PROFESOR DR. ALEJANDRO POSADAS;VILLA SARMIENTO;MORÓN;2024;10;11/3/2024;7;Gastroentéricas;11;Diarreas;4;2 a 4;8;19/3/2024
HOSPITAL NACIONAL PROFESOR DR. ALEJANDRO POSADAS;VILLA SARMIENTO;MORÓN;2024;10;11/3/2024;7;Gastroentéricas;11;Diarreas;5;5 a 9;10;19/3/2024
HOSPITAL NACIONAL PROFESOR DR. ALEJANDRO POSADAS;VILLA SARMIENTO;MORÓN;2024;10;11/3/2024;7;Gastroentéricas;11;Diarreas;6;10 a 14;6;19/3/2024
HOSPITAL NACIONAL PROFESOR DR. ALEJANDRO POSADAS;VILLA SARMIENTO;MORÓN;2024;10;11/3/2024;6;Respiratorias;8;Enfermedad tipo influenza (ETI);1;< 6 m;2;19/3/2024
HOSPITAL NACIONAL PROFESOR DR. ALEJANDRO POSADAS;VILLA SARMIENTO;MORÓN;2024;10;11/3/2024;6;Respiratorias;8;Enfermedad tipo influenza (ETI);2;6 a 11 m;4;19/3/2024
HOSPITAL NACIONAL PROFESOR DR. ALEJANDRO POSADAS;VILLA SARMIENTO;MORÓN;2024;10;11/3/2024;6;Respiratorias;8;Enfermedad tipo influenza (ETI);3;12 a 23 m;3;19/3/2024
HOSPITAL INTERZONAL GENERAL AGUDOS DR. LUIS A. GUEMES;HAEDO;MORÓN;2024;5;7/2/2024;116;Internaciones por lesiones en el hogar;501;Lesiones por caídas y golpes;9;25 a 34;1;7/3/2024
HOSPITAL INTERZONAL GENERAL AGUDOS DR. LUIS A. GUEMES;HAEDO;MORÓN;2024;5;7/2/2024;116;Internaciones por lesiones en el hogar;501;Lesiones por caídas y golpes;11;45 a 64;1;7/3/2024
HOSPITAL INTERZONAL GENERAL AGUDOS DR. LUIS A. GUEMES;HAEDO;MORÓN;2024;8;26/2/2024;116;Internaciones por lesiones en el hogar;501;Lesiones por caídas y golpes;8;20 a 24;1;18/3/2024
HOSPITAL INTERZONAL GENERAL AGUDOS DR. LUIS A. GUEMES;HAEDO;MORÓN;2024;8;26/2/2024;116;Internaciones por lesiones en el hogar;501;Lesiones por caídas y golpes;9;25 a 34;4;18/3/2024
HOSPITAL INTERZONAL GENERAL AGUDOS DR. LUIS A. GUEMES;HAEDO;MORÓN;2024;8;26/2/2024;116;Internaciones por lesiones en el hogar;501;Lesiones por caídas y golpes;10;35 a 44;3;18/3/2024
HOSPITAL INTERZONAL GENERAL AGUDOS DR. LUIS A. GUEMES;HAEDO;MORÓN;2024;8;26/2/2024;116;Internaciones por lesiones en el hogar;501;Lesiones por caídas y golpes;13;>= a 75;1;18/3/2024
HOSPITAL NACIONAL PROFESOR DR. ALEJANDRO POSADAS;VILLA SARMIENTO;MORÓN;2024;10;11/3/2024;6;Respiratorias;8;Enfermedad tipo influenza (ETI);4;2 a 4;4;19/3/2024
HOSPITAL NACIONAL PROFESOR DR. ALEJANDRO POSADAS;VILLA SARMIENTO;MORÓN;2024;10;11/3/2024;6;Respiratorias;8;Enfermedad tipo influenza (ETI);5;5 a 9;9;19/3/2024
HOSPITAL NACIONAL PROFESOR DR. ALEJANDRO POSADAS;VILLA SARMIENTO;MORÓN;2024;10;11/3/2024;6;Respiratorias;8;Enfermedad tipo influenza (ETI);6;10 a 14;3;19/3/2024
HOSPITAL NACIONAL PROFESOR DR. ALEJANDRO POSADAS;VILLA SARMIENTO;MORÓN;2024;10;11/3/2024;6;Respiratorias;441;Neumonía en pacientes ambulatorios;2;6 a 11 m;1;19/3/2024
HOSPITAL NACIONAL PROFESOR DR. ALEJANDRO POSADAS;VILLA SARMIENTO;MORÓN;2024;10;11/3/2024;6;Respiratorias;441;Neumonía en pacientes ambulatorios;4;2 a 4;1;19/3/2024
HOSPITAL NACIONAL PROFESOR DR. ALEJANDRO POSADAS;VILLA SARMIENTO;MORÓN;2024;10;11/3/2024;6;Respiratorias;441;Neumonía en pacientes ambulatorios;5;5 a 9;1;19/3/2024
HOSPITAL NACIONAL PROFESOR DR. ALEJANDRO POSADAS;VILLA SARMIENTO;MORÓN;2024;10;11/3/2024;6;Respiratorias;441;Neumonía en pacientes ambulatorios;6;10 a 14;1;19/3/2024
